url,type,movie_tv_id,img_type
https://image.tmdb.org/t/p/original//dvQj1GBZAZirz1skEEZyWH2ZqQP.jpg,movie,1,backdrop
https://image.tmdb.org/t/p/w500//o6UMTE2LzQdlKVxRnFECPmtQjsJ.jpg,movie,1,poster
https://image.tmdb.org/t/p/w500//zBiHKhXklvTFwj4M1uEUcQGAVJ.jpg,movie,1,poster
https://image.tmdb.org/t/p/w500//6xUbUCvndklbGVYiljHr34NTxSl.jpg,movie,2,poster
https://image.tmdb.org/t/p/original//uJlc4aNPF3Y8yAqahJTKBwgwPVW.jpg,movie,3,backdrop
https://image.tmdb.org/t/p/w500//sU4o25RZullugxoXZstXKN8bPPF.jpg,movie,3,poster
https://image.tmdb.org/t/p/w500//9mKB79103q8naXiH5qZUXAARejo.jpg,movie,3,poster
https://image.tmdb.org/t/p/w500//aup2QCYCsyEeQfpboXy0f4uj8aE.jpg,movie,3,poster
https://image.tmdb.org/t/p/w500//okQY6jVmRU19CUbYPUZC77K3XBE.jpg,movie,4,poster
https://image.tmdb.org/t/p/w500//qKWcCmvGr4g0dgXvhqAc4BAMCtk.jpg,movie,5,poster
https://image.tmdb.org/t/p/original//hQ4pYsIbP22TMXOUdSfC2mjWrO0.jpg,movie,6,backdrop
https://image.tmdb.org/t/p/original//wd1PhoVfyeleAX4hMlp0FHvN284.jpg,movie,6,backdrop
https://image.tmdb.org/t/p/original//2U3LSaZtMk1HFDFhIgpx7idOVk7.jpg,movie,6,backdrop
https://image.tmdb.org/t/p/original//fZ0rzH83nprexRjNn9IQBVDq5rf.jpg,movie,6,backdrop
https://image.tmdb.org/t/p/original//kpuTCMw3v2AuKjqGS7383uWbc8V.jpg,movie,6,backdrop
https://image.tmdb.org/t/p/original//e9y7AZbUXLLzs8PmeU2w4YIhn0H.jpg,movie,6,backdrop
https://image.tmdb.org/t/p/original//dQL2wJZo05GDd21VgOacMeCuyZy.jpg,movie,6,backdrop
https://image.tmdb.org/t/p/w500//ojDg0PGvs6R9xYFodRct2kdI6wC.jpg,movie,6,poster
https://image.tmdb.org/t/p/w500//tFw7rdKLuyBdqU0m3brJtoFEHuE.jpg,movie,6,poster
https://image.tmdb.org/t/p/w500//tsgSvUMHfz4Dz17iPwH9dyRVUCM.jpg,movie,6,poster
https://image.tmdb.org/t/p/w500//2PrlY8W8ZRGVKmykmgaPxkt8T8k.jpg,movie,6,poster
https://image.tmdb.org/t/p/original//l94l89eMmFKh7na2a1u5q67VgNx.jpg,movie,7,backdrop
https://image.tmdb.org/t/p/original//q895aGxJCPq81UTN0gyM1gWkfsa.jpg,movie,7,backdrop
https://image.tmdb.org/t/p/original//jMmHFm0TcjiN9QDICXY2tJcQsDl.jpg,movie,7,backdrop
https://image.tmdb.org/t/p/original//lYWjifWssexcJkMaOrrghpd8cjb.jpg,movie,7,backdrop
https://image.tmdb.org/t/p/w500//nj01hspawPof0mJmlgfjuLyJuRN.jpg,movie,7,poster
https://image.tmdb.org/t/p/w500//pROFkxNPmJQsKyEPkyXD9anupL.jpg,movie,7,poster
https://image.tmdb.org/t/p/w500//o2cWCX48flnEgDwSWu0Gpia0i0N.jpg,movie,7,poster
https://image.tmdb.org/t/p/w500//nHuOGQsG7imhoLfcGEyYnioIomo.jpg,movie,7,poster
https://image.tmdb.org/t/p/original//c1BaOxC8bo5ACFYkYYxL0bBWRaq.jpg,movie,8,backdrop
https://image.tmdb.org/t/p/original//bCXLsO2MJWzYYBJoavGOZN5iqGn.jpg,movie,8,backdrop
https://image.tmdb.org/t/p/original//f2t4JbUvQIjUF5FstG1zZFAp02N.jpg,movie,8,backdrop
https://image.tmdb.org/t/p/original//mM7y304rMyByLXYCXrAeokgsLyT.jpg,movie,8,backdrop
https://image.tmdb.org/t/p/original//kDT1H7GijQUqRlRRzQSMzmoN9tf.jpg,movie,8,backdrop
https://image.tmdb.org/t/p/original//u0zMKKpEdDWpOKmFW2sLbKKICJH.jpg,movie,8,backdrop
https://image.tmdb.org/t/p/original//xvjGhJHsArVjCWXb5OARi0PiqvB.jpg,movie,8,backdrop
https://image.tmdb.org/t/p/original//vo3PlNu3JEkr76XB7RdCnr95p4R.jpg,movie,8,backdrop
https://image.tmdb.org/t/p/original//3lLCmLOFNM8WWMoQrTzinrhvnTb.jpg,movie,8,backdrop
https://image.tmdb.org/t/p/original//8nGCbHC9yPa7f1QK7vdUmNVzMZM.jpg,movie,8,backdrop
https://image.tmdb.org/t/p/original//6UNcq8at6ysFFxW6gShQoKihahS.jpg,movie,8,backdrop
https://image.tmdb.org/t/p/original//5J9lhMZHVQRfH8BV4hyehwptzKp.jpg,movie,8,backdrop
https://image.tmdb.org/t/p/w500//flgSfEM3UQb2iny9j6KL2j8kc4j.png,movie,8,logo
https://image.tmdb.org/t/p/w500//4dd7AB364vGdp0FXXzdtivYlSYG.png,movie,8,logo
https://image.tmdb.org/t/p/w500//w8mvWnkV8T2rpDq1A7NlZtyeVN1.png,movie,8,logo
https://image.tmdb.org/t/p/w500//75aHn1NOYXh4M7L5shoeQ6NGykP.jpg,movie,8,poster
https://image.tmdb.org/t/p/w500//owych7bZ6AaaebBc6hFn9VYiGog.jpg,movie,8,poster
https://image.tmdb.org/t/p/w500//zOmLH4SVzxcQOCuVqdWH9uNDLXq.jpg,movie,8,poster
https://image.tmdb.org/t/p/w500//86d1Y3vUGUGHUT0GEtDo7INWpAz.jpg,movie,8,poster
https://image.tmdb.org/t/p/w500//rMLTEv384LYE2L3lFw2RoICqBxA.jpg,movie,8,poster
https://image.tmdb.org/t/p/w500//lJxhaEKJCUHeNAhcaY51WDunXxw.jpg,movie,8,poster
https://image.tmdb.org/t/p/w500//xhU6hPDnk4s8iWWKoq4oEmNI600.jpg,movie,8,poster
https://image.tmdb.org/t/p/w500//uZSmxBLIuZ8gpadjAWNdA5aQDAc.jpg,movie,8,poster
https://image.tmdb.org/t/p/w500//kQu88N4k5HmeNldfDBQutRo9k1d.jpg,movie,8,poster
https://image.tmdb.org/t/p/w500//qJoVi6dlKyU1FApSGaX84myLyq3.jpg,movie,8,poster
https://image.tmdb.org/t/p/w500//kFDde7hEHfL8Ouo8Sg0db4uVXAI.jpg,movie,8,poster
https://image.tmdb.org/t/p/w500//v3fZuCmDOfcX2cHaTciFcDelm43.jpg,movie,8,poster
https://image.tmdb.org/t/p/w500//mpkFO60RipizpfQfwwKEkGFO79j.jpg,movie,8,poster
https://image.tmdb.org/t/p/w500//vFiSD7N3FIw5ePoofU8NA0HDefC.jpg,movie,8,poster
https://image.tmdb.org/t/p/w500//s25J2oTcV7QcMNU1bD3s3F6yhtZ.jpg,movie,8,poster
https://image.tmdb.org/t/p/w500//m0VqQ3kXLbxrpGMARiiGUSCfbcC.jpg,movie,8,poster
https://image.tmdb.org/t/p/w500//oZyXTXkmduUqfQBfTdL1uZ3O2Ui.jpg,movie,8,poster
https://image.tmdb.org/t/p/w500//cd8tWdiV6x3oSrfm0zCcHIvpPyN.jpg,movie,8,poster
https://image.tmdb.org/t/p/w500//qO3YgWQjBn4n4UfQmAj6aP7THTE.jpg,movie,8,poster
https://image.tmdb.org/t/p/w500//6drQlH74EKGYgImDF4ArSVH9UIM.jpg,movie,8,poster
https://image.tmdb.org/t/p/w500//sB3m6fvUZiw0bLmJqM7Z2sCgAJK.jpg,movie,8,poster
https://image.tmdb.org/t/p/w500//6rkzJcnFc4fVI5ffgp2D70hdxHT.jpg,movie,8,poster
https://image.tmdb.org/t/p/w500//9U7bDaqHHOL2loFNk0cE3TjfTzH.jpg,movie,8,poster
https://image.tmdb.org/t/p/original//5aXp2s4l6g5PcMMesIj63mx8hmJ.jpg,movie,9,backdrop
https://image.tmdb.org/t/p/original//dZ4QwRd0o1FqawEQOeQS4oZz3cc.jpg,movie,9,backdrop
https://image.tmdb.org/t/p/original//vJ1OG4akDBvjOdKReaj2A1kh0b6.jpg,movie,9,backdrop
https://image.tmdb.org/t/p/original//a4bwRHVMMib112UcOZnmQOt0flC.jpg,movie,9,backdrop
https://image.tmdb.org/t/p/w500//gwDpslBgk1NbeqPbUQ8TmrKmfYp.jpg,movie,9,poster
https://image.tmdb.org/t/p/w500//rYFAvSPlQUCebayLcxyK79yvtvV.jpg,movie,9,poster
https://image.tmdb.org/t/p/w500//oTgx0ZL7DCxNaxl6XejzWJMsKUi.jpg,movie,9,poster
https://image.tmdb.org/t/p/w500//72gkEGmcQhC8sA2rXgjSC7dg11w.jpg,movie,9,poster
https://image.tmdb.org/t/p/w500//J8C8wwoI6n14o3jdCK0CWUkJ3Q.jpg,movie,9,poster
https://image.tmdb.org/t/p/w500//8USZZ7HUakTLXw7npJDxKeFcjXR.jpg,movie,9,poster
https://image.tmdb.org/t/p/w500//k8VECAiDn5sF65CtVf13wB5QBeC.jpg,movie,9,poster
https://image.tmdb.org/t/p/w500//q55oAjYoXPXcQCuwDZf2nPIJPdM.jpg,movie,9,poster
https://image.tmdb.org/t/p/w500//fUm5BNn8pSa2etx4bOoJ8SXLt5Z.jpg,movie,9,poster
https://image.tmdb.org/t/p/w500//lCmVzI0c3sihw7XHuOKJLQEK3Bg.jpg,movie,9,poster
https://image.tmdb.org/t/p/w500//5Yc5Rzzw9dbFmi7QPB3d0Vyj9a6.jpg,movie,9,poster
https://image.tmdb.org/t/p/w500//j7gDvB8Ih2623Ev5oY5Azvm9VhZ.jpg,movie,9,poster
https://image.tmdb.org/t/p/w500//91g5HylJJvz3f7Pw0wr4YdMR9O1.jpg,movie,9,poster
https://image.tmdb.org/t/p/w500//ip44qySs95UUTyKl6j70SjEOgl8.jpg,movie,9,poster
https://image.tmdb.org/t/p/w500//2OUcnPzBagHAyRVKEvAR7uEnGPi.jpg,movie,9,poster
https://image.tmdb.org/t/p/w500//cqiYJvSYYI8eOcL3i1v049hnuJW.jpg,movie,9,poster
https://image.tmdb.org/t/p/w500//x7Sz339F2oC8mBf0DHCQpKizXaL.jpg,movie,10,poster
https://image.tmdb.org/t/p/original//xV7Kfz4TW3hN6q4xtZgu5vduBHA.jpg,movie,12,backdrop
https://image.tmdb.org/t/p/original//1fAoaq29iV7bFsNkdguyqpeBo8A.jpg,movie,12,backdrop
https://image.tmdb.org/t/p/original//yrdAamkeqXHm0UYukk8xgoCvc7G.jpg,movie,12,backdrop
https://image.tmdb.org/t/p/original//aDYSnJAK0BTVeE8osOy22Kz3SXY.jpg,movie,12,backdrop
https://image.tmdb.org/t/p/original//rOzHJtqy8qnzakP2nLDV6DEJwFL.jpg,movie,12,backdrop
https://image.tmdb.org/t/p/original//zqkmTXzjkAgXmEWLRsY4UpTWCeo.jpg,movie,12,backdrop
https://image.tmdb.org/t/p/original//jBFxXKCrViA88hhO59fDx0Av4P.jpg,movie,12,backdrop
https://image.tmdb.org/t/p/original//iPnH51khswDrYij6XIBHKlAznW.jpg,movie,12,backdrop
https://image.tmdb.org/t/p/original//p2NKvoDTvmpAxPfJQtyRtsIkxf9.jpg,movie,12,backdrop
https://image.tmdb.org/t/p/original//tiGEhD2ylDNJnnqVSDxlK8JmbZG.jpg,movie,12,backdrop
https://image.tmdb.org/t/p/original//4qCqAdHcNKeAHcK8tJ8wNJZa9cx.jpg,movie,12,backdrop
https://image.tmdb.org/t/p/original//2w4xG178RpB4MDAIfTkqAuSJzec.jpg,movie,12,backdrop
https://image.tmdb.org/t/p/original//rtIH1rmOGsgdHlQ9f8bTkLPhwPs.jpg,movie,12,backdrop
https://image.tmdb.org/t/p/original//1tSsgsfVVRULrLJrAclUGpQyEgm.jpg,movie,12,backdrop
https://image.tmdb.org/t/p/original//3H94YlnYWVLKQKEnfTBKvrCmHmt.jpg,movie,12,backdrop
https://image.tmdb.org/t/p/original//cSmLFs4wYyugG9BmPMNjd0MqQx8.jpg,movie,12,backdrop
https://image.tmdb.org/t/p/original//r7dNNDrAVRDi1acgh1nAe0nCVSt.jpg,movie,12,backdrop
https://image.tmdb.org/t/p/original//jKquaxnCRelAbibZVMdTsUEnkKm.jpg,movie,12,backdrop
https://image.tmdb.org/t/p/original//bhVYu6Nf1Q1BlrAKdaXyTPexXVO.jpg,movie,12,backdrop
https://image.tmdb.org/t/p/original//yUiXA68FfQeA8cRBhd0Ao0jIRZt.jpg,movie,12,backdrop
https://image.tmdb.org/t/p/original//whkTQG9DcTNhmQR9akm7n6szjyK.jpg,movie,12,backdrop
https://image.tmdb.org/t/p/original//91Mi1J8Fobw582witNVMz9NGAVn.jpg,movie,12,backdrop
https://image.tmdb.org/t/p/original//hrK3loMhtQguNg67MIdIWcMCqdt.jpg,movie,12,backdrop
https://image.tmdb.org/t/p/original//74kKYxcVd2zgAEHwxZHiiQFlqWk.jpg,movie,12,backdrop
https://image.tmdb.org/t/p/original//7ypZ5ZhW7Nrnjf9YzPekdCg3h8U.jpg,movie,12,backdrop
https://image.tmdb.org/t/p/original//4FbX8r1s9hSDh7yaxubggMSJORA.jpg,movie,12,backdrop
https://image.tmdb.org/t/p/original//HoqcHHAO3YGdNdr2qfSIjvI3jz.jpg,movie,12,backdrop
https://image.tmdb.org/t/p/original//mhYiUu0QGaN5wxhuuVN1QuLh666.jpg,movie,12,backdrop
https://image.tmdb.org/t/p/original//noO59cuUpp0BgR60qts6izcCS9h.jpg,movie,12,backdrop
https://image.tmdb.org/t/p/original//31DQKvfCIcwmQZp9ZsrHkNZpTS5.jpg,movie,12,backdrop
https://image.tmdb.org/t/p/original//vQqtrbA3r8mYRPds2mb6gREwMPb.jpg,movie,12,backdrop
https://image.tmdb.org/t/p/original//UkMCBJQyZX3sqoAVzg14wJ113Y.jpg,movie,12,backdrop
https://image.tmdb.org/t/p/original//30OCkYiB1i0VikjrivFsYc5Vyms.jpg,movie,12,backdrop
https://image.tmdb.org/t/p/original//dlpyYDt4F1MkVfUDGm1SjIkkbhy.jpg,movie,12,backdrop
https://image.tmdb.org/t/p/original//6cVm9AhKKgbiV20hSk3fSiZTBkw.jpg,movie,12,backdrop
https://image.tmdb.org/t/p/original//nbG8afEtIWdKlWOwDa7ctaRgbVw.jpg,movie,12,backdrop
https://image.tmdb.org/t/p/original//r1QW7nWAVxG10ZHLSLsTKYiDnFs.jpg,movie,12,backdrop
https://image.tmdb.org/t/p/original//1nIG2viWBXSbtHyQwNVqRDH60yM.jpg,movie,12,backdrop
https://image.tmdb.org/t/p/original//giaGTP7mL4rLzTwijsxHPLv1WSn.jpg,movie,12,backdrop
https://image.tmdb.org/t/p/original//snyjKTAQXaAu2cNcTWekvhjW3o8.jpg,movie,12,backdrop
https://image.tmdb.org/t/p/original//vyxRw13aJKbr2cDBSfie5bHKj5l.jpg,movie,12,backdrop
https://image.tmdb.org/t/p/original//38nPzYkleyaewfgmzZsH0BoPI5e.jpg,movie,12,backdrop
https://image.tmdb.org/t/p/original//n5VR5VqdytVBGmqTeR5JFEN2yCx.jpg,movie,12,backdrop
https://image.tmdb.org/t/p/original//ra5IriWOS0tEkbn423G5CgQDDBv.jpg,movie,12,backdrop
https://image.tmdb.org/t/p/original//uJijQnVKWyxUp4os35bEa5iTsOF.jpg,movie,12,backdrop
https://image.tmdb.org/t/p/original//f8kWCqxMALMq03JFvWeJ6rrZAu6.jpg,movie,12,backdrop
https://image.tmdb.org/t/p/original//pmuUY4wk6gBIQ1m9VVBoMpFfUto.jpg,movie,12,backdrop
https://image.tmdb.org/t/p/original//4d17EXDge31p5Hw2AYI18hq0564.jpg,movie,12,backdrop
https://image.tmdb.org/t/p/original//A2Dxzn7U4dIBVP1pPWibnrcvb57.jpg,movie,12,backdrop
https://image.tmdb.org/t/p/original//yCePat74k62BkusgDD0qnsdVydC.jpg,movie,12,backdrop
https://image.tmdb.org/t/p/original//iN8D5XNUqxu1s19SS9JQPzVOAT4.jpg,movie,12,backdrop
https://image.tmdb.org/t/p/original//aAcdWuCyOs3YDNRf5m83CkDZwxn.jpg,movie,12,backdrop
https://image.tmdb.org/t/p/original//swQ9y0vrAa9NJvkzS8jGyaIg1Ak.jpg,movie,12,backdrop
https://image.tmdb.org/t/p/original//iyHHM4IquH5pbXhTGCxnRDV4xU5.jpg,movie,12,backdrop
https://image.tmdb.org/t/p/original//qepgRYOxyYSxiwKUAI91smJi1uc.jpg,movie,12,backdrop
https://image.tmdb.org/t/p/original//vJaOv2T0dQhPar5CdutiWnsq6wG.jpg,movie,12,backdrop
https://image.tmdb.org/t/p/original//1OvUplY1m7cr1M4JhJwKme6SnwO.jpg,movie,12,backdrop
https://image.tmdb.org/t/p/original//nA21Kb4TKD3W7y4K8uza02Lusaz.jpg,movie,12,backdrop
https://image.tmdb.org/t/p/original//8DAn1vb3iNmNCZirFihL9uCTgNg.jpg,movie,12,backdrop
https://image.tmdb.org/t/p/original//pccA5lAvPy55Zf1WUKULz4bs17g.jpg,movie,12,backdrop
https://image.tmdb.org/t/p/original//wTyRLd775smT4kEym0zN7GgZ6hq.jpg,movie,12,backdrop
https://image.tmdb.org/t/p/original//dFhoajcUOjNSSOeQyDGJUnAH6bI.jpg,movie,12,backdrop
https://image.tmdb.org/t/p/original//uNvViE9REoLtCQy5oArsQsFrRjh.jpg,movie,12,backdrop
https://image.tmdb.org/t/p/original//yw55pb10yBatd1rmHqNjtWgh1vl.jpg,movie,12,backdrop
https://image.tmdb.org/t/p/original//dgIHqtDOmT5OFR1w6m2NCsmmMGd.jpg,movie,12,backdrop
https://image.tmdb.org/t/p/original//r9kbqnEEpwmSNWHzwePEUytE3yr.jpg,movie,12,backdrop
https://image.tmdb.org/t/p/w500//ujV4bTj0tw6LPEq2KUs9d30tbRT.png,movie,12,logo
https://image.tmdb.org/t/p/w500//C2WXY3Vd4amdACFdaAWKMCtdCT.png,movie,12,logo
https://image.tmdb.org/t/p/w500//n4ej7hlzSUNGLqwtlG6ZSkma6UK.png,movie,12,logo
https://image.tmdb.org/t/p/w500//r33eUJ16JT1l1bnLGKZeVabJ20g.png,movie,12,logo
https://image.tmdb.org/t/p/w500//nQftyO7pyxqK1urf4FwRnlzsGS9.png,movie,12,logo
https://image.tmdb.org/t/p/w500//oYOxiEqll5mQuhTJNiyHjCP9EVl.png,movie,12,logo
https://image.tmdb.org/t/p/w500//fODbPT1ALJcOSFfcAyJehCkrlwQ.png,movie,12,logo
https://image.tmdb.org/t/p/w500//aNDfQ6KSQQrPGovQNxjm5ulmFHX.png,movie,12,logo
https://image.tmdb.org/t/p/w500//fAbxxjaIAK0Z74OPPXu73w5uZYH.png,movie,12,logo
https://image.tmdb.org/t/p/w500//gYEPh1MVsuj2Ffv3qQL6ihXk7Ci.png,movie,12,logo
https://image.tmdb.org/t/p/w500//ite5smZOhJUS3iYPB2EY64H6mau.png,movie,12,logo
https://image.tmdb.org/t/p/w500//v6OAVm4vRl9Jfid7ip8i0Z6gSOw.png,movie,12,logo
https://image.tmdb.org/t/p/w500//yRHDxr8psRIWfRuBXts0SfeajON.png,movie,12,logo
https://image.tmdb.org/t/p/w500//kzAX72SPj2DlNtBvZ4FM21RN7ir.png,movie,12,logo
https://image.tmdb.org/t/p/w500//Aq9NlsbGtA8Pg8mqdVBqSlajol7.png,movie,12,logo
https://image.tmdb.org/t/p/w500//mLy2NKggj6qAUW8N7Swy0yBgK5U.png,movie,12,logo
https://image.tmdb.org/t/p/w500//aulmN09rUbfXg0OB6UKXMfgfIvB.png,movie,12,logo
https://image.tmdb.org/t/p/w500//A5wjsW7mjpv4gVZmQ6WDQHXDLcC.png,movie,12,logo
https://image.tmdb.org/t/p/w500//i5rgisc3ZfygkrJaFXmv7ABLY10.png,movie,12,logo
https://image.tmdb.org/t/p/w500//i8SVFH3c76vMTJzJC2OWuUZckMs.png,movie,12,logo
https://image.tmdb.org/t/p/w500//t6TblIZBQGoqbIsQKckoGcdAjUB.png,movie,12,logo
https://image.tmdb.org/t/p/w500//juAfWqV9kBJQxqBX1x2cciLbGtR.png,movie,12,logo
https://image.tmdb.org/t/p/w500//vswPivs3yuUsk5aW6DbnyeNQ4GX.png,movie,12,logo
https://image.tmdb.org/t/p/w500//9SVoSm09OVBRLtPU0z2zXcLvyuJ.png,movie,12,logo
https://image.tmdb.org/t/p/w500//wtooICYz4RiXXHqQzi9x52QEtTb.png,movie,12,logo
https://image.tmdb.org/t/p/w500//buZzFKuAzACRugU96DqYwHQ76Wk.png,movie,12,logo
https://image.tmdb.org/t/p/w500//gg1JOklZOoafVHrHokzTRAN7Wyv.png,movie,12,logo
https://image.tmdb.org/t/p/w500//An1R7AahF45etv7TKznJlXOIwev.png,movie,12,logo
https://image.tmdb.org/t/p/w500//bDQ8xSIi1FoRLz0gzxQWdigc9we.png,movie,12,logo
https://image.tmdb.org/t/p/w500//gqigrRUtZEmkdmSpfqliyt8kBJc.png,movie,12,logo
https://image.tmdb.org/t/p/w500//dLgwXopLDtvZ3pn7GbMbSsckKuc.png,movie,12,logo
https://image.tmdb.org/t/p/w500//pUE3j7wLY8jcYKIHCEkylTaZHPj.png,movie,12,logo
https://image.tmdb.org/t/p/w500//eGGsyuUxWpRuJO1kTuW7USjoIGl.png,movie,12,logo
https://image.tmdb.org/t/p/w500//lKLDWwhql0BLS7WfFXeJ5lcuJx3.png,movie,12,logo
https://image.tmdb.org/t/p/w500//fIOam6FgJ10j0XRQbau7P6kabuy.png,movie,12,logo
https://image.tmdb.org/t/p/w500//pEMCoPHPJpQ7PzNhZ4gXPLXk7nG.png,movie,12,logo
https://image.tmdb.org/t/p/w500//tUCHQSc6Iqsq1280F7VHIMvbutF.png,movie,12,logo
https://image.tmdb.org/t/p/w500//2LommKfUrThKC8kXjtAGZi38NWW.png,movie,12,logo
https://image.tmdb.org/t/p/w500//tjNca8sSP8Q55UEi6HHmEmbFnMW.png,movie,12,logo
https://image.tmdb.org/t/p/w500//hIeh5fj0lwMFfRWTpjqOZmf3szT.png,movie,12,logo
https://image.tmdb.org/t/p/w500//8B9VVljC09qw4rwWmAPeDICqS07.png,movie,12,logo
https://image.tmdb.org/t/p/w500//uuYGkf8rGl7nJ92jaXt7f9plL4p.png,movie,12,logo
https://image.tmdb.org/t/p/w500//6FfCtAuVAW8XJjZ7eWeLibRLWTw.jpg,movie,12,poster
https://image.tmdb.org/t/p/w500//eFPSzaRX9K1tfUpmBxBuDGFjULs.jpg,movie,12,poster
https://image.tmdb.org/t/p/w500//fai0rspsNeJCS69wHNjOdWxcI7P.jpg,movie,12,poster
https://image.tmdb.org/t/p/w500//tZM2bZySE9DcKMPBeIW0BFfveV1.jpg,movie,12,poster
https://image.tmdb.org/t/p/w500//nEYxzFUHnoNi0VwUd9xNj8wRssh.jpg,movie,12,poster
https://image.tmdb.org/t/p/w500//qelTNHrBSYjPvwdzsDBPVsqnNzc.jpg,movie,12,poster
https://image.tmdb.org/t/p/w500//rLi9cokiFU20mLUPvQ0IRok3ELY.jpg,movie,12,poster
https://image.tmdb.org/t/p/w500//ahT4ObS7XKedQkOSpGr1wQ97aKA.jpg,movie,12,poster
https://image.tmdb.org/t/p/w500//cRqM8LjiNlNpOggU0budpSzKfPD.jpg,movie,12,poster
https://image.tmdb.org/t/p/w500//x5KZT5LYLvkCb3mxgOYXuPIuzs7.jpg,movie,12,poster
https://image.tmdb.org/t/p/w500//mqGTDn6c5wy4Bwf6DR7eZeO7c5d.jpg,movie,12,poster
https://image.tmdb.org/t/p/w500//a3IkbFyYovx8OQHauRtzKDe646V.jpg,movie,12,poster
https://image.tmdb.org/t/p/w500//6QVcD9tnwjwkfkQeeSa33kv62dJ.jpg,movie,12,poster
https://image.tmdb.org/t/p/w500//fVqKwpvobwWy0P1UImZWIDuw4RI.jpg,movie,12,poster
https://image.tmdb.org/t/p/w500//291yZULc4NBE9QDxqHGAJUk41j7.jpg,movie,12,poster
https://image.tmdb.org/t/p/w500//ar8ecc1ttrFuFAaaIQjwmADiCAq.jpg,movie,12,poster
https://image.tmdb.org/t/p/w500//19RHmczYAPsvYw4OlLf0ZiV1IJM.jpg,movie,12,poster
https://image.tmdb.org/t/p/w500//q2bLYNJIYBtbzw9RQZc0dOdV9av.jpg,movie,12,poster
https://image.tmdb.org/t/p/w500//dw7X9YPjjAfIxKHW04V64Bb9TB0.jpg,movie,12,poster
https://image.tmdb.org/t/p/w500//8Yu20PAgnyOqgHQt29z0HyuhHBu.jpg,movie,12,poster
https://image.tmdb.org/t/p/w500//qAs3goIZmLmXSxjDq1EzcMTgZfw.jpg,movie,12,poster
https://image.tmdb.org/t/p/w500//kGVkFqsy0gEdT3AVVQdb9ZEgDMq.jpg,movie,12,poster
https://image.tmdb.org/t/p/w500//cMhAYcEqCWMUTArVScPCSNUL5pp.jpg,movie,12,poster
https://image.tmdb.org/t/p/w500//8Ukkz0fbIzwpNEGdhzOdXXWSpXe.jpg,movie,12,poster
https://image.tmdb.org/t/p/w500//jUfbrAS0GY8somriNCe4A1Rd0MM.jpg,movie,12,poster
https://image.tmdb.org/t/p/w500//uED1QMWEZKJ7ZxQgL09bCrNLhvn.jpg,movie,12,poster
https://image.tmdb.org/t/p/w500//w1bqHfm6vvMBnOQXmX5ee6DKCW.jpg,movie,12,poster
https://image.tmdb.org/t/p/w500//6JiFGUyAvIkK3ayYjkLzAhnMd17.jpg,movie,12,poster
https://image.tmdb.org/t/p/w500//qqrBr0uQ6oa5K23WZgySBgFbj8l.jpg,movie,12,poster
https://image.tmdb.org/t/p/w500//9PK6osXKzgCBojJmSsAVZCr3ehD.jpg,movie,12,poster
https://image.tmdb.org/t/p/w500//uM6DAiV0S3s37zXICRmBYi2deOo.jpg,movie,12,poster
https://image.tmdb.org/t/p/w500//f1YYGaX0Dd1xdiQ6MFuDMBSA4Lg.jpg,movie,12,poster
https://image.tmdb.org/t/p/w500//r5ebvf835jruo3JAjX6ZOdAA7n4.jpg,movie,12,poster
https://image.tmdb.org/t/p/w500//1SONTjRyBmaA8gv7uVbXVBfdc9X.jpg,movie,12,poster
https://image.tmdb.org/t/p/w500//3CliXceI7cCM3xjEMOlXPpZzDw7.jpg,movie,12,poster
https://image.tmdb.org/t/p/w500//dl6z8sgVJJEWSGh2mByX5qJYtds.jpg,movie,12,poster
https://image.tmdb.org/t/p/w500//7po3pernyPTpxHlwyWEJyXooYju.jpg,movie,12,poster
https://image.tmdb.org/t/p/w500//aBLSPq0mEvk3IWxUCUjOrhJMrnz.jpg,movie,12,poster
https://image.tmdb.org/t/p/w500//rzvbnHmmYhzVc9fP8N8a9kGRt8v.jpg,movie,12,poster
https://image.tmdb.org/t/p/w500//61uFeKDF0v5sFeFWikSZT10L14v.jpg,movie,12,poster
https://image.tmdb.org/t/p/w500//jjV37zLlE4guejPkkhvmHqSGh4u.jpg,movie,12,poster
https://image.tmdb.org/t/p/w500//voAEzBWfEvEu9SGTUDvbHncRvzF.jpg,movie,12,poster
https://image.tmdb.org/t/p/w500//4eBxpbab6wjtcHiR4ATf3cQ8tu4.jpg,movie,12,poster
https://image.tmdb.org/t/p/w500//VvgR24Fp7UnBfUjW9psY205Ctv.jpg,movie,12,poster
https://image.tmdb.org/t/p/w500//4hOUzmButYUeON0prG3RpbqS7ag.jpg,movie,12,poster
https://image.tmdb.org/t/p/w500//q7QlL3yoyxUtLYSSQYvtz1xN9O8.jpg,movie,12,poster
https://image.tmdb.org/t/p/w500//wmIVGytmj4TmSQ45YvQaHi95Xv9.jpg,movie,12,poster
https://image.tmdb.org/t/p/w500//4cpMg9myGoMRiQBXspw0F6Stxdo.jpg,movie,12,poster
https://image.tmdb.org/t/p/w500//iSNdwFauC1QODm1ntk07wqJV1pf.jpg,movie,12,poster
https://image.tmdb.org/t/p/w500//k481g6b5lr985rAjxjwfOZ9Wobt.jpg,movie,12,poster
https://image.tmdb.org/t/p/w500//sLAoSvh6U1z2JuKHFBtUzikWiHm.jpg,movie,12,poster
https://image.tmdb.org/t/p/w500//gZpvJfmnvstA3zS2XnY73hmJ7S9.jpg,movie,12,poster
https://image.tmdb.org/t/p/w500//wdt7TTVjW2SQAQoGnfZDiTgAAIu.jpg,movie,12,poster
https://image.tmdb.org/t/p/w500//6cyHfnGhaDLdiLc6qaKvs5RYyT2.jpg,movie,12,poster
https://image.tmdb.org/t/p/w500//jHRn1p1yrtXfKnnzsiF6c96Jh0M.jpg,movie,12,poster
https://image.tmdb.org/t/p/w500//aZUa2HcRfSUOZ8E3S6fPYnZ1Rt6.jpg,movie,12,poster
https://image.tmdb.org/t/p/w500//6EbBtiqKDQdZr4E3Gj78tVKFB4P.jpg,movie,12,poster
https://image.tmdb.org/t/p/w500//iWEJuiNOlScWVxfNVyXiXf6lCiG.jpg,movie,12,poster
https://image.tmdb.org/t/p/w500//dBp3nBzwUGLn8BSJsHoBm0A4Unb.jpg,movie,12,poster
https://image.tmdb.org/t/p/w500//4CuA5blAqvqJHASExI6TJklTbJp.jpg,movie,12,poster
https://image.tmdb.org/t/p/w500//oH27e1UT5MjyzloTNQAC6Ic7KXU.jpg,movie,12,poster
https://image.tmdb.org/t/p/w500//1p3lBqDd3cQngt4zvZyRLM0UDGa.jpg,movie,12,poster
https://image.tmdb.org/t/p/w500//gRGz1IrqjIZCzy9LY7oqgtDSlO4.jpg,movie,12,poster
https://image.tmdb.org/t/p/w500//s7ZdPU7vMiJ7nBYYroUsKRa4uvC.jpg,movie,12,poster
https://image.tmdb.org/t/p/w500//47V4ECpjJyTFaNwJZW53HGbuRAT.jpg,movie,12,poster
https://image.tmdb.org/t/p/w500//wXNmzxxd9cch2gCbgRTxj6r6Pwc.jpg,movie,12,poster
https://image.tmdb.org/t/p/w500//7ml64bPRiYSmCDXXdBlqop9usK1.jpg,movie,12,poster
https://image.tmdb.org/t/p/w500//jPBf48klsnRyOJLWhOA5Pt3bmMX.jpg,movie,12,poster
https://image.tmdb.org/t/p/w500//ycfsax3qeAJM9faBNSTpyasGsbI.jpg,movie,12,poster
https://image.tmdb.org/t/p/w500//neQlx7LpxTUQc5LnA4XMTutOvkk.jpg,movie,12,poster
https://image.tmdb.org/t/p/w500//75C4XJrT7P6YVirQg3tMLGmR08p.jpg,movie,12,poster
https://image.tmdb.org/t/p/w500//rlS5BEaBbSQbugJ4d5k0DOckc2t.jpg,movie,12,poster
https://image.tmdb.org/t/p/w500//miejevlVipP8kaT23CTgHvwL9bS.jpg,movie,12,poster
https://image.tmdb.org/t/p/w500//6W1Rt4KY2xNu0MH56Jiy9ScunzZ.jpg,movie,12,poster
https://image.tmdb.org/t/p/w500//aqP7yaQo2cYnk3sq0Q0pizPrDnd.jpg,movie,12,poster
https://image.tmdb.org/t/p/w500//1X0XMBED4PE6jVv3o1FHSKZZBvp.jpg,movie,12,poster
https://image.tmdb.org/t/p/w500//x0p5CUsVV2jVFTiwppm6aUDciR5.jpg,movie,12,poster
https://image.tmdb.org/t/p/w500//u6oc7E0HofVU6xz5W005PU9hzVq.jpg,movie,12,poster
https://image.tmdb.org/t/p/w500//19GlIEFq5HUBMJnQocwqPGT7U7R.jpg,movie,12,poster
https://image.tmdb.org/t/p/w500//cIwMpAShpstbxcjs5C0ma3GtC5Y.jpg,movie,12,poster
https://image.tmdb.org/t/p/w500//ri2ii1JnCXwHpbx3ZQxaAjjN8mG.jpg,movie,12,poster
https://image.tmdb.org/t/p/w500//66VAP6canMUfbtyDkM5QRkARz0H.jpg,movie,12,poster
https://image.tmdb.org/t/p/w500//l9j6Wi99k3ykikbSWSRLSIt0Usd.jpg,movie,12,poster
https://image.tmdb.org/t/p/w500//1kz94ZUdAnJoEikSL2M8l74NtcS.jpg,movie,12,poster
https://image.tmdb.org/t/p/w500//efNYCFzzfEl4ItfgtPoyLzQkrOX.jpg,movie,12,poster
https://image.tmdb.org/t/p/w500//h03Ys1BXRyU9cA8N0qYWJuPoUl1.jpg,movie,12,poster
https://image.tmdb.org/t/p/w500//rEEawR7KdNMFFhJ4rHNRmScq0vM.jpg,movie,12,poster
https://image.tmdb.org/t/p/w500//lesQwNHiSdauuo1xrtLP8uBUlIu.jpg,movie,12,poster
https://image.tmdb.org/t/p/w500//pb6LNYHouC6qO6At2vqKV418YU1.jpg,movie,12,poster
https://image.tmdb.org/t/p/w500//tCcH2ribn9fnDwyP13Xdl5pQb5W.jpg,movie,12,poster
https://image.tmdb.org/t/p/w500//wCPEIRZv08QegAe90Pdk7TfIln9.jpg,movie,12,poster
https://image.tmdb.org/t/p/w500//yUVePkM0tYJI2ZMgYVRJtY5WyTw.jpg,movie,12,poster
https://image.tmdb.org/t/p/w500//5aRHLYJA1ziWKkkNeFNdpkvarMP.jpg,movie,12,poster
https://image.tmdb.org/t/p/w500//bD2wKktIrao3mpBCyKgZJ5F4LZq.jpg,movie,12,poster
https://image.tmdb.org/t/p/w500//sdBidO2INz2mIxD0KK7KnZnF8BQ.jpg,movie,12,poster
https://image.tmdb.org/t/p/w500//9KZsK75dg20flDt27kOVkGIR1Ta.jpg,movie,12,poster
https://image.tmdb.org/t/p/w500//6yfKykwfjCHF8g8ZPj4ha09wxBP.jpg,movie,12,poster
https://image.tmdb.org/t/p/w500//kbrZ2n8ha5WScU1BNGPCoRzTGb7.jpg,movie,12,poster
https://image.tmdb.org/t/p/w500//idDaNxG0l4mbw02sG6HCdhS07tq.jpg,movie,12,poster
https://image.tmdb.org/t/p/w500//x87MvVr2OwXHveQsRPoGm7KKxnS.jpg,movie,12,poster
https://image.tmdb.org/t/p/w500//1HUSRYWT0RCbuCCS4wRWEgT82hb.jpg,movie,12,poster
https://image.tmdb.org/t/p/w500//sq7acLGcUBIiGgwdwTGJ457Kk60.jpg,movie,12,poster
https://image.tmdb.org/t/p/w500//aFQyGlAXux5MfsF9uw9oTpDbYXK.jpg,movie,12,poster
https://image.tmdb.org/t/p/w500//rJNaS11h2NpMOQatWoUpG5csxPr.jpg,movie,12,poster
https://image.tmdb.org/t/p/w500//nkYfUfLBsHJAtSKNGgxVRB9Tp3Z.jpg,movie,12,poster
https://image.tmdb.org/t/p/w500//1MAYHAK2MblS9a2jWbVyWdHO9Av.jpg,movie,12,poster
https://image.tmdb.org/t/p/w500//i1OMhggzsYxDuIiu8uk2tV0Ldjg.jpg,movie,12,poster
https://image.tmdb.org/t/p/w500//2HkauN8lCim9y64bLcOUdejEp9v.jpg,movie,12,poster
https://image.tmdb.org/t/p/w500//84L8PQBHSJZpISKdqbFd8SAEvnx.jpg,movie,12,poster
https://image.tmdb.org/t/p/w500//noYbslqop7hADnNwkYypmoi7b2q.jpg,movie,12,poster
https://image.tmdb.org/t/p/w500//wUT5reTDTI21CsejABqjnOXRKa9.jpg,movie,12,poster
https://image.tmdb.org/t/p/w500//vqE9eqc9sHvm5Iq3v4T9miZw4FD.jpg,movie,12,poster
https://image.tmdb.org/t/p/w500//42BjTKFBmYSC1QDBXA3XY5syiKu.jpg,movie,12,poster
https://image.tmdb.org/t/p/w500//8WRePTn6I4rXatnYjx0uhYdhv5v.jpg,movie,12,poster
https://image.tmdb.org/t/p/w500//yYisq0lMPx1ZfvwiYgo0jH6N1Kx.jpg,movie,12,poster
https://image.tmdb.org/t/p/w500//rqxBdzvPxLHnhDYK6KLSPDkpXx9.jpg,movie,12,poster
https://image.tmdb.org/t/p/w500//pFiJ59yNG07gzNROYOK9aycM3Kz.jpg,movie,12,poster
https://image.tmdb.org/t/p/w500//i9YXZrG7mdXFIt480amrT7qqxeJ.jpg,movie,12,poster
https://image.tmdb.org/t/p/w500//q8AxpJzqzLaaCOD0pATwpjztZ10.jpg,movie,12,poster
https://image.tmdb.org/t/p/w500//AlBRkhMsEThsxcwoChCa92DJPEw.jpg,movie,12,poster
https://image.tmdb.org/t/p/w500//w0rue8Lqv4AQ70gYO8W6qxlXWuA.jpg,movie,12,poster
https://image.tmdb.org/t/p/w500//hiEdTo7lhf65QnyfvDN91FXIYUt.jpg,movie,12,poster
https://image.tmdb.org/t/p/w500//vDrM2ie6mzjUGUuyLqkuoDeCvDR.jpg,movie,12,poster
https://image.tmdb.org/t/p/w500//pCgEaWqOt8zfArFKIvswsYrmmm5.jpg,movie,12,poster
https://image.tmdb.org/t/p/w500//uyR3MA8tsfL6spCZpXsOfQfXZLi.jpg,movie,12,poster
https://image.tmdb.org/t/p/w500//eheDLXnKEeFtZfVhjUhD3hOqqto.jpg,movie,12,poster
https://image.tmdb.org/t/p/w500//yokcZVlAl6dcqTEf8kWHWva0DGe.jpg,movie,12,poster
https://image.tmdb.org/t/p/w500//idtnUSvVfODRoY8i08Ug00pyaAf.jpg,movie,12,poster
https://image.tmdb.org/t/p/w500//8fHxMhb6JKFGKfWS71PoF9V4Bpo.jpg,movie,12,poster
https://image.tmdb.org/t/p/w500//bUqCLiey4iTlZUO8xiA5qFtzCbS.jpg,movie,12,poster
https://image.tmdb.org/t/p/w500//5aY3lcSobe11QQBLhNz7wCpnRsj.jpg,movie,12,poster
https://image.tmdb.org/t/p/w500//5UuSu1fK6EjIzuKOX9Q0Q2U6KrE.jpg,movie,12,poster
https://image.tmdb.org/t/p/w500//ozukinaBcPOvqv32GjmkCm0Ut0e.jpg,movie,12,poster
https://image.tmdb.org/t/p/w500//fznPSBy5Eb19GwpUN78XQfx6874.jpg,movie,12,poster
https://image.tmdb.org/t/p/w500//ztpQgXpTfhFMwRVQrKK2njpUhS2.jpg,movie,12,poster
https://image.tmdb.org/t/p/w500//ctVQkGsO6g50JYqOy6a70FIP6dZ.jpg,movie,12,poster
https://image.tmdb.org/t/p/w500//jqdPBTr6rpgRmOi37i2wON9hyND.jpg,movie,12,poster
https://image.tmdb.org/t/p/w500//5ynHS1EZ4VQpQ9OPvDtgors0RgH.jpg,movie,12,poster
https://image.tmdb.org/t/p/w500//pjemi47xmrUlK5fzus1b39TzeBm.jpg,movie,12,poster
https://image.tmdb.org/t/p/w500//3TJbc5S13QBbdu3mW19Z0cUrAUL.jpg,movie,12,poster
https://image.tmdb.org/t/p/w500//5AIseRdXkCuEn31luS3JCc2vb1p.jpg,movie,12,poster
https://image.tmdb.org/t/p/w500//ihIQEBx7liud1tRzgiQwyuDVuck.jpg,movie,12,poster
https://image.tmdb.org/t/p/w500//wbHSJ6IajF7tO8lryBxv86EBjSE.jpg,movie,12,poster
https://image.tmdb.org/t/p/w500//zDfQz7CZ46kEAo00vHucyDz7anm.jpg,movie,12,poster
https://image.tmdb.org/t/p/w500//3bSky30yZ2ZDo8UWqtTAcqjaTJ2.jpg,movie,12,poster
https://image.tmdb.org/t/p/w500//f3PcIbtWTiouUE2fa9yoASOq8XI.jpg,movie,12,poster
https://image.tmdb.org/t/p/w500//9JeifLNIY0MEedR4HoDBMp2nRdH.jpg,movie,12,poster
https://image.tmdb.org/t/p/w500//hUMMrczMf8WoZjSV0WU31EzozuO.jpg,movie,12,poster
https://image.tmdb.org/t/p/w500//4IDRQ9USdojWSRyztnbHmFc8vEA.jpg,movie,12,poster
https://image.tmdb.org/t/p/w500//b09ske1PRLPZbPMRg7xVxeLi68I.jpg,movie,12,poster
https://image.tmdb.org/t/p/w500//tLRl9eobQGGHCjS6fHpITYG06bG.jpg,movie,12,poster
https://image.tmdb.org/t/p/w500//1D36c0ji1ArmZnIteixi6bXEB9X.jpg,movie,12,poster
https://image.tmdb.org/t/p/w500//7XFfURIFCJxN1mfBg0SAjk5yGzg.jpg,movie,12,poster
https://image.tmdb.org/t/p/w500//mf8ailZV0qLQQJNFSjUJiyCXPWu.jpg,movie,12,poster
https://image.tmdb.org/t/p/w500//yhOnSJD2f33uBnoCU4qrmSxJX6J.jpg,movie,12,poster
https://image.tmdb.org/t/p/w500//aJWbIDaTwAZ6HI11oSFb351QXbC.jpg,movie,12,poster
https://image.tmdb.org/t/p/w500//kp3lD7WWGn7c2gXF1td6cyNFg9H.jpg,movie,12,poster
https://image.tmdb.org/t/p/w500//6i2eEQSB6gYFWCH3j4FV1jnWuXH.jpg,movie,12,poster
https://image.tmdb.org/t/p/w500//tRjcziT7zxFarADeSIrEUHLSaWq.jpg,movie,12,poster
https://image.tmdb.org/t/p/w500//A5R2YURrl9xm3vmR4kZ0FCImXGU.jpg,movie,12,poster
https://image.tmdb.org/t/p/w500//axQJUrO2dAHcSDtvNU20KfOqxHF.jpg,movie,12,poster
https://image.tmdb.org/t/p/w500//z5LWTlONsnpUH3GQXqiUhmVN5WZ.jpg,movie,12,poster
https://image.tmdb.org/t/p/w500//4VqG3McjChoblc0CMXl4jq3dgBH.jpg,movie,12,poster
https://image.tmdb.org/t/p/w500//gitwNuILI9DvlT8Cv46KWLThsny.jpg,movie,12,poster
https://image.tmdb.org/t/p/w500//y3zpaQtxvMkkqayT83WSHCxetO7.jpg,movie,12,poster
https://image.tmdb.org/t/p/w500//mY4izDkneqKWwAcx2FzQE2p1Wv7.jpg,movie,12,poster
https://image.tmdb.org/t/p/w500//dLgnveygvCqMloVNqpBAEoqt4Aj.jpg,movie,12,poster
https://image.tmdb.org/t/p/w500//vTZ8CUAp73a6Cy0ApFWrYr9SR82.jpg,movie,12,poster
https://image.tmdb.org/t/p/w500//7Te3giJt7UIIVPq6alUzOehYuxr.jpg,movie,12,poster
https://image.tmdb.org/t/p/w500//lPr4DuC604tldTeGun2DpDO3zvP.jpg,movie,12,poster
https://image.tmdb.org/t/p/w500//nVjZtPJINwsCCsIUldqk3vpTYn0.jpg,movie,12,poster
https://image.tmdb.org/t/p/w500//a3TYLQ2d3YY0pLNaU2XszIDexjW.jpg,movie,12,poster
https://image.tmdb.org/t/p/w500//pfJrWgb9FnQsTyVhn7tsQytlICW.jpg,movie,12,poster
https://image.tmdb.org/t/p/w500//jGjVp57eraFCxW7HhgM9CeOj7Pl.jpg,movie,12,poster
https://image.tmdb.org/t/p/w500//lMFYNHFTUC7puMViRuhrbvwD6Yd.jpg,movie,12,poster
https://image.tmdb.org/t/p/w500//xsZi6EJQCFZwEnolrE7QvYFL2bW.jpg,movie,12,poster
https://image.tmdb.org/t/p/w500//mGuZ68g7SRQGB0O1k7Jqz7hQcvO.jpg,movie,12,poster
https://image.tmdb.org/t/p/w500//wZnDd4cbuC5kfXpFPqs42DPY4CR.jpg,movie,12,poster
https://image.tmdb.org/t/p/w500//rKcJJrSSyOGYcXjyVAt4VALCs6a.jpg,movie,12,poster
https://image.tmdb.org/t/p/w500//AlfgVm8oZ0a5MsrA8YIvjFvlY8O.jpg,movie,12,poster
https://image.tmdb.org/t/p/w500//shXRdVjx8fPJmwSNOfH7xa9GYT1.jpg,movie,12,poster
https://image.tmdb.org/t/p/w500//tbFVTI6wZJFTJFHLEynJ8o12qZj.jpg,movie,12,poster
https://image.tmdb.org/t/p/w500//gtG2Bhp5HniasA9lbhYxva5I2qj.jpg,movie,12,poster
https://image.tmdb.org/t/p/w500//2AqBmd6UzaItp0H4YwfFbXMMucd.jpg,movie,12,poster
https://image.tmdb.org/t/p/w500//LlEJphEeXdFihfkh8WbXTU9iWH.jpg,movie,12,poster
https://image.tmdb.org/t/p/w500//41iSEnlUJ4vaUoO14Eqa2N4CTSl.jpg,movie,12,poster
https://image.tmdb.org/t/p/w500//qGxm3RdjSo2ZqWeVrVp2vjaJnDv.jpg,movie,12,poster
https://image.tmdb.org/t/p/w500//9e8XYjXxUyFLK8pkt7Zd3TUK6nG.jpg,movie,12,poster
https://image.tmdb.org/t/p/w500//5rHU0AIORyvVaFNm65PwrK27he9.jpg,movie,12,poster
https://image.tmdb.org/t/p/w500//wI2USNedoG4mLtaJGIpx0GVvaqP.jpg,movie,12,poster
https://image.tmdb.org/t/p/w500//xsF3TPs6OeEVMu871lbJed80qws.jpg,movie,12,poster
https://image.tmdb.org/t/p/w500//wjdiPSd8PkjHRPVtFKYu1QJ3RP5.jpg,movie,12,poster
https://image.tmdb.org/t/p/w500//hn4hJvWdNRk5N637wkIKW2sajvq.jpg,movie,12,poster
https://image.tmdb.org/t/p/w500//s2V5cc7S1bun7pHXw48nWt4BAh1.jpg,movie,12,poster
https://image.tmdb.org/t/p/w500//yIE2wypIMEw4WthLashp8rWjORL.jpg,movie,12,poster
https://image.tmdb.org/t/p/w500//51tRI0IdOI2hPGQbaREGVghHqcF.jpg,movie,12,poster
https://image.tmdb.org/t/p/w500//rsxi8tbDDnKrUttIzCrpBqFeOkQ.jpg,movie,12,poster
https://image.tmdb.org/t/p/w500//hMgjjuxfgei3GqFgkfzMnmitbo2.jpg,movie,12,poster
https://image.tmdb.org/t/p/w500//xivsJ3jechItHVLanDU2ABZRjvy.jpg,movie,12,poster
https://image.tmdb.org/t/p/w500//rlVHStmWHNHqhqlJ5ajLMz6GQFc.jpg,movie,12,poster
https://image.tmdb.org/t/p/w500//wImejlG1Beu8xCoJQ3y9WZMcWw1.jpg,movie,12,poster
https://image.tmdb.org/t/p/w500//cCz1IV7XXS7DoUgd7xUd7yaOIIL.jpg,movie,12,poster
https://image.tmdb.org/t/p/w500//vAHhN5mTnP0AN4WP5eudaY4TAAJ.jpg,movie,12,poster
https://image.tmdb.org/t/p/w500//eDI6uEyTD4x0T6RoEuHD5C2m6Aj.jpg,movie,12,poster
https://image.tmdb.org/t/p/w500//84MPqeHfMbbjv8SQrEQhyLtPy88.jpg,movie,12,poster
https://image.tmdb.org/t/p/w500//nzSujfhnlmqlgsAYuXlFsQsl9YU.jpg,movie,12,poster
https://image.tmdb.org/t/p/w500//uPZFLjOx3ikVnMLBHbJU6JexvcG.jpg,movie,12,poster
https://image.tmdb.org/t/p/w500//q6N0WXNYdhDxTia0Aw1qa4j23v1.jpg,movie,12,poster
https://image.tmdb.org/t/p/w500//l1QVSMZQwofAoNVHSgWxwGqxMFU.jpg,movie,12,poster
https://image.tmdb.org/t/p/w500//e8NHqjVg9rUhTdtSqdmnuXMwrrX.jpg,movie,12,poster
https://image.tmdb.org/t/p/w500//xEmquVIQqXevcTVYfQ1K5AQyIUz.jpg,movie,12,poster
https://image.tmdb.org/t/p/w500//eGLfWCffu95KZVE4UkpZQdeJT9i.jpg,movie,12,poster
https://image.tmdb.org/t/p/w500//eCTzX3Eh3kUr0KbeqxrtAKQN83M.jpg,movie,12,poster
https://image.tmdb.org/t/p/w500//nf1mwpyLZOmWhN9CLE7XbFtfEY2.jpg,movie,12,poster
https://image.tmdb.org/t/p/original//bvpI11RJbE6lHSWCrhvNC1S1MtO.jpg,movie,13,backdrop
https://image.tmdb.org/t/p/original//yzqaKAhglTrkeOfuIXYYArf0WnA.jpg,movie,13,backdrop
https://image.tmdb.org/t/p/original//eCynaAOgYYiw5yN5lBwz3IxqvaW.jpg,movie,13,backdrop
https://image.tmdb.org/t/p/original//aaq7l7vbQzX2s2HeRIZybwqt3y6.jpg,movie,13,backdrop
https://image.tmdb.org/t/p/original//vhgLdzlHkBuS9dBjI4JZWAEWy6m.jpg,movie,13,backdrop
https://image.tmdb.org/t/p/original//w51RJwfaPGbi5Ig0geJvO3WXOLc.jpg,movie,13,backdrop
https://image.tmdb.org/t/p/original//4w9icL1Xzs486D1uiChKWpMiBIj.jpg,movie,13,backdrop
https://image.tmdb.org/t/p/original//jlgIe6SeUrYRpt5s2WvZVrTiPrr.jpg,movie,13,backdrop
https://image.tmdb.org/t/p/original//fLMoYD0qFRfiYwrUuUd4rq27y9t.jpg,movie,13,backdrop
https://image.tmdb.org/t/p/original//7alFe4HWLg6n0qnUz4LKi3aoWYQ.jpg,movie,13,backdrop
https://image.tmdb.org/t/p/original//dFYguAfeVt19qAbzJ5mArn7DEJw.jpg,movie,13,backdrop
https://image.tmdb.org/t/p/original//jpnwNUmph2nFzLYXhD91Xe8DYhd.jpg,movie,13,backdrop
https://image.tmdb.org/t/p/original//6AASwDhTzI0V0JWZS8hVu6b9086.jpg,movie,13,backdrop
https://image.tmdb.org/t/p/original//sWWwq8MsfI3Zrn4Zz0HENnhp70J.jpg,movie,13,backdrop
https://image.tmdb.org/t/p/original//bFGvIeTQet6iN7KpCWNvbKEwCXm.jpg,movie,13,backdrop
https://image.tmdb.org/t/p/original//v57RTjjH8G3khdSo1zp5oH1xgpc.jpg,movie,13,backdrop
https://image.tmdb.org/t/p/original//yHYl1lYhm4B1QFnLjHy6RnoryOP.jpg,movie,13,backdrop
https://image.tmdb.org/t/p/original//jWWmQkXvaNuP4hKcrrVFySL8nHC.jpg,movie,13,backdrop
https://image.tmdb.org/t/p/original//hp9xwBjFOEndoM2QBfr3kmeQuS4.jpg,movie,13,backdrop
https://image.tmdb.org/t/p/original//hJngpMbprCsTyJkwmOJMefH2E1r.jpg,movie,13,backdrop
https://image.tmdb.org/t/p/original//zXdQ3xdewFCZnvIH7LjNR2C6vyZ.jpg,movie,13,backdrop
https://image.tmdb.org/t/p/original//3VaQUP1O7CbCjeha7VH7ICpyWKT.jpg,movie,13,backdrop
https://image.tmdb.org/t/p/original//oB7heykReUrityg2tu7Q3TmGFUA.jpg,movie,13,backdrop
https://image.tmdb.org/t/p/original//h3uqFk7sZRJvLZDdLiFB9qwbL07.jpg,movie,13,backdrop
https://image.tmdb.org/t/p/original//AgoOcm54NYUpHq3QgwLzAOByj8m.jpg,movie,13,backdrop
https://image.tmdb.org/t/p/original//2ndWYuQipmlJnEvnHHWbb9R4y52.jpg,movie,13,backdrop
https://image.tmdb.org/t/p/original//93WmloDJOe3vXW9bBmFUKW5x9Eg.jpg,movie,13,backdrop
https://image.tmdb.org/t/p/original//21PRjBo7ma7m4EtCkolEVve6wHT.jpg,movie,13,backdrop
https://image.tmdb.org/t/p/original//cbBptRta1rMTOrwZHPZlvbC92YR.jpg,movie,13,backdrop
https://image.tmdb.org/t/p/original//pMlXoaVBKG6gJ8vO4thujNZIofT.jpg,movie,13,backdrop
https://image.tmdb.org/t/p/original//cM32YtlT3ifibTezyp6gPiTHGpR.jpg,movie,13,backdrop
https://image.tmdb.org/t/p/original//reVZ0XP0H48oJ2aZQt5dD2Q6AkR.jpg,movie,13,backdrop
https://image.tmdb.org/t/p/original//gKRKnY8SfjMioCrlR8RkOcVu3Kw.jpg,movie,13,backdrop
https://image.tmdb.org/t/p/original//zADGvfmL2OWb3gsiRzFBbhFXeFm.jpg,movie,13,backdrop
https://image.tmdb.org/t/p/original//w16exIVB2cXwgS1f9exRU8ebiZq.jpg,movie,13,backdrop
https://image.tmdb.org/t/p/original//hOeMSDtv3Ojs226rjqU0z02ww7Q.jpg,movie,13,backdrop
https://image.tmdb.org/t/p/original//dA9uKIrqQ5Qjamm9Z0ljE2bDJ9K.jpg,movie,13,backdrop
https://image.tmdb.org/t/p/original//gVO9zxHtcsoxpua3s1T2EPGtQ1a.jpg,movie,13,backdrop
https://image.tmdb.org/t/p/original//5cqqWEhTewZtPqjtwonXFfeHBWq.jpg,movie,13,backdrop
https://image.tmdb.org/t/p/original//re61bCIOWyuLgXXvIKlgQfmaMUN.jpg,movie,13,backdrop
https://image.tmdb.org/t/p/w500//zKzmHE9bnqB3KuWLPFwXpbBqDcn.png,movie,13,logo
https://image.tmdb.org/t/p/w500//5z0RJkKu3bMqOyHwbENJD9kv7a3.png,movie,13,logo
https://image.tmdb.org/t/p/w500//kxZjfMidvN8mUM7RxbZFOkACO39.png,movie,13,logo
https://image.tmdb.org/t/p/w500//zvx8qUhJ78Wiw3r2Xrfbv3luCmC.png,movie,13,logo
https://image.tmdb.org/t/p/w500//gRweHvOoM7hKg3q8iExsXzAhsBv.png,movie,13,logo
https://image.tmdb.org/t/p/w500//3Rgp8KsDIrA5p0CEOaHMqpiJ65O.svg,movie,13,logo
https://image.tmdb.org/t/p/w500//kTrEvm7uaXxG5FsjMeurFmF4yjP.svg,movie,13,logo
https://image.tmdb.org/t/p/w500//3epuRLRCGqcbmufOpFYSrktVy1O.svg,movie,13,logo
https://image.tmdb.org/t/p/w500//zw8xknCWcQGgqvULiwL8YHaKnwl.svg,movie,13,logo
https://image.tmdb.org/t/p/w500//qTQug3WnJk9DLAbxoXLGqfagwIX.png,movie,13,logo
https://image.tmdb.org/t/p/w500//mngL3ifLzO2zoLPHcqWLHdVG59G.png,movie,13,logo
https://image.tmdb.org/t/p/w500//7hUh8SvEvBm2HE2cLKyog6xN4KS.png,movie,13,logo
https://image.tmdb.org/t/p/w500//3ZWdZzzu9an1b2aicqLn2fs2jPg.png,movie,13,logo
https://image.tmdb.org/t/p/w500//wi3iTz0OmJhBRY4O0oKW36AkmzP.png,movie,13,logo
https://image.tmdb.org/t/p/w500//t02cH6xNus1HGxVOM6cTJm1jlmE.png,movie,13,logo
https://image.tmdb.org/t/p/w500//nH9U269Che7A7HafPvtqLSh17dJ.png,movie,13,logo
https://image.tmdb.org/t/p/w500//lTF3rIUnGrB0WtbhaycleMZZHOK.png,movie,13,logo
https://image.tmdb.org/t/p/w500//uVpRsdhx66mejCNyt4Sh8aXlERT.png,movie,13,logo
https://image.tmdb.org/t/p/w500//dGSXtTVTr8BV830bU7Hz5lmlHo1.png,movie,13,logo
https://image.tmdb.org/t/p/w500//xR2pXURz54eC4xykHDp2LwwlSpP.png,movie,13,logo
https://image.tmdb.org/t/p/w500//mZNM0kTNLWgfgVoo3NEqpU596JQ.png,movie,13,logo
https://image.tmdb.org/t/p/w500//fSfJhhFYZf3AuMhkkw5crXVMwTe.png,movie,13,logo
https://image.tmdb.org/t/p/w500//cJS7paGRY2S4fabZiaiY2RmwHiv.png,movie,13,logo
https://image.tmdb.org/t/p/w500//u5PioJURHwTBtfXSItXqagYo1zS.png,movie,13,logo
https://image.tmdb.org/t/p/w500//t4auLnHChBBYw8AdotR34oXB7Ut.png,movie,13,logo
https://image.tmdb.org/t/p/w500//gnLQc7QkEOIo3R8uizhacU2vBA1.png,movie,13,logo
https://image.tmdb.org/t/p/w500//aauD8gxuig1othdmxnIXeIPgx6v.png,movie,13,logo
https://image.tmdb.org/t/p/w500//dKseDyBWQUrQ4hq9mjkmwNR9ZAw.png,movie,13,logo
https://image.tmdb.org/t/p/w500//2fGupf4vmk2U9DIzA1jghEFimHQ.png,movie,13,logo
https://image.tmdb.org/t/p/w500//8zR2vXoXfdlknEYjfHvCbb1rJbI.jpg,movie,13,poster
https://image.tmdb.org/t/p/w500//eHuGQ10FUzK1mdOY69wF5pGgEf5.jpg,movie,13,poster
https://image.tmdb.org/t/p/w500//5lc6nQc0VhWFYFbNv016xze8Jvy.jpg,movie,13,poster
https://image.tmdb.org/t/p/w500//jPhak722pNGxQIXSEfeWIUqBrO5.jpg,movie,13,poster
https://image.tmdb.org/t/p/w500//oJPEs3iW8UewPTgyqtZkQ3ox0mX.jpg,movie,13,poster
https://image.tmdb.org/t/p/w500//33YtcDp2BGxG7vKxno3laymNuM4.jpg,movie,13,poster
https://image.tmdb.org/t/p/w500//39h2Zr5j4E6VWlm1enBGba25FFU.jpg,movie,13,poster
https://image.tmdb.org/t/p/w500//qx0EDGXslJvH4qU3DCTseNUL2wo.jpg,movie,13,poster
https://image.tmdb.org/t/p/w500//cv80GONllEe5IHASXotYoQ5mDLX.jpg,movie,13,poster
https://image.tmdb.org/t/p/w500//1h05naNrAUwOtazWSqZoltc4xye.jpg,movie,13,poster
https://image.tmdb.org/t/p/w500//asu9hJJMwUWe270qnm7GFcGGddy.jpg,movie,13,poster
https://image.tmdb.org/t/p/w500//6xXqrOXJg8Q1YAIT9aMLUaQzWSF.jpg,movie,13,poster
https://image.tmdb.org/t/p/w500//a1tNqmkxXuFFffJWKQsvZlBHsUq.jpg,movie,13,poster
https://image.tmdb.org/t/p/w500//eA7qWlvUkmEWe0iYI8LFElbRUgC.jpg,movie,13,poster
https://image.tmdb.org/t/p/w500//qALyA3wnq2MExpkJ4ubxyTfTUSz.jpg,movie,13,poster
https://image.tmdb.org/t/p/w500//srO3d9mJp8IUGfYaiXewlwWGGz4.jpg,movie,13,poster
https://image.tmdb.org/t/p/w500//4RygOfzxMkFJCYlSZB4Q99yMv3r.jpg,movie,13,poster
https://image.tmdb.org/t/p/w500//81ULtY262mzmTR8PagVdNApcoHp.jpg,movie,13,poster
https://image.tmdb.org/t/p/w500//9ViCYfZ0whpwtKbM2WJP5PfsG2x.jpg,movie,13,poster
https://image.tmdb.org/t/p/w500//2bFSV2GlJ5dlP56IaofW4GpkWpZ.jpg,movie,13,poster
https://image.tmdb.org/t/p/w500//cNjulABZZ8tWYxP6RTZghTUJIzp.jpg,movie,13,poster
https://image.tmdb.org/t/p/w500//wSeT4XXCHIhsEJTuHjIUbqgPGmP.jpg,movie,13,poster
https://image.tmdb.org/t/p/w500//7DPFmp0q5RC1p582SdIuZ4KBF2.jpg,movie,13,poster
https://image.tmdb.org/t/p/w500//xwS6CBKXwUSXN2eFwupkDuhO9qp.jpg,movie,13,poster
https://image.tmdb.org/t/p/w500//axyrDKJmQpynKOESqxO2wKmhj9n.jpg,movie,13,poster
https://image.tmdb.org/t/p/w500//89q1D6MuWcARIqlW5cXdbqiqEGr.jpg,movie,13,poster
https://image.tmdb.org/t/p/w500//eTo3OCVgWL6UyZtcPFg604jO3Ep.jpg,movie,13,poster
https://image.tmdb.org/t/p/w500//8h0CG12Oft1GqthLmsctg8iuQQj.jpg,movie,13,poster
https://image.tmdb.org/t/p/w500//kdCLmAqoEoVP8zQKyaO5GDQZDDH.jpg,movie,13,poster
https://image.tmdb.org/t/p/w500//hryIc8DcaCF0MUfuw7VhxXZCQKr.jpg,movie,13,poster
https://image.tmdb.org/t/p/w500//34fchBkYSifKk1J5utr9QutUugX.jpg,movie,13,poster
https://image.tmdb.org/t/p/w500//8mmcHrcghUchTHH4MiyS7WoouTu.jpg,movie,13,poster
https://image.tmdb.org/t/p/w500//mlBXEIAHVpQoUv86JHGAPKefnoW.jpg,movie,13,poster
https://image.tmdb.org/t/p/w500//vz6BmebarfIsK1ZSzSXonZsuY3c.jpg,movie,13,poster
https://image.tmdb.org/t/p/w500//wwUYKw29xtFLk5PIZV9iDAs6zlW.jpg,movie,13,poster
https://image.tmdb.org/t/p/w500//6007t0jgOrEPeNDUtVn0Q73dXKb.jpg,movie,13,poster
https://image.tmdb.org/t/p/w500//xVNSgrsvpcAHPnyKf2phYxyppNZ.jpg,movie,13,poster
https://image.tmdb.org/t/p/w500//JVSAECYylLV2xoYurfiDuVJci3.jpg,movie,13,poster
https://image.tmdb.org/t/p/w500//cpkOU1cd6z2jdEoP4FBXXa4Dlm9.jpg,movie,13,poster
https://image.tmdb.org/t/p/w500//vBF7qb115sd7LyIwzkYEheT2OAM.jpg,movie,13,poster
https://image.tmdb.org/t/p/w500//4iPByEXViiQFxhtWL3y52iNuIOS.jpg,movie,13,poster
https://image.tmdb.org/t/p/w500//7dHs0Pgv2C9s1M35LCZedP3a45O.jpg,movie,13,poster
https://image.tmdb.org/t/p/w500//5jrPMq7IMLTqcuPDlK6jfruEbpq.jpg,movie,13,poster
https://image.tmdb.org/t/p/w500//wMHqtQ2tJ898rHst6mF6kfnA1Z0.jpg,movie,13,poster
https://image.tmdb.org/t/p/w500//btqE4HLPBfSbj3Eayy3FaLGE7kz.jpg,movie,13,poster
https://image.tmdb.org/t/p/w500//39oS1BBtAB7Sb5NiGitQ5SKjywM.jpg,movie,13,poster
https://image.tmdb.org/t/p/w500//4uLyV5zxdHNtNL484Xgt8RLLrNT.jpg,movie,13,poster
https://image.tmdb.org/t/p/w500//jDYW77NDdcyym5ru5s5kG6eecmv.jpg,movie,13,poster
https://image.tmdb.org/t/p/w500//9rfdTjW5FZcFrfqViP19x1c65lo.jpg,movie,13,poster
https://image.tmdb.org/t/p/w500//BTe3FJXVJnvuwrrMq9KHBpYzB2.jpg,movie,13,poster
https://image.tmdb.org/t/p/w500//adMZmqi7LlZB3I8BIE6MpPdzOlG.jpg,movie,13,poster
https://image.tmdb.org/t/p/w500//n5eTY87wowab53RrcU2DqdK5MNB.jpg,movie,13,poster
https://image.tmdb.org/t/p/w500//mzpVeprkkgEdi3CeJKAxkaOMX0Q.jpg,movie,13,poster
https://image.tmdb.org/t/p/w500//3yxCYo0wLMW2XtsHnwxdf2PkBqh.jpg,movie,13,poster
https://image.tmdb.org/t/p/w500//buninAwwHKzfNQpk3S9qKZdy2Qh.jpg,movie,13,poster
https://image.tmdb.org/t/p/w500//djbivExXSZb0sTO8uYaaQC5vMRM.jpg,movie,13,poster
https://image.tmdb.org/t/p/w500//wTLyzRc4Dr9dHgwh3EXUKnveA6Q.jpg,movie,13,poster
https://image.tmdb.org/t/p/w500//4q1aFbHXMKv9oV7V9D8HOKf6Ie4.jpg,movie,13,poster
https://image.tmdb.org/t/p/w500//2g8IxNGVHSzibAkCg8vSEQjEen1.jpg,movie,13,poster
https://image.tmdb.org/t/p/w500//iUsEBWmPef76OaXX7Y16TGHIzZD.jpg,movie,13,poster
https://image.tmdb.org/t/p/w500//ftkii1kX3SDK0FqesU3WGRpXPdV.jpg,movie,13,poster
https://image.tmdb.org/t/p/w500//zhF7rB8sXWCXnjc1oh6jFpXpBsA.jpg,movie,13,poster
https://image.tmdb.org/t/p/w500//fXjsrNKdfphymmnycmsEqf6f0VN.jpg,movie,13,poster
https://image.tmdb.org/t/p/w500//gtBmSISh42gu76PIVGqeIw8n5fW.jpg,movie,13,poster
https://image.tmdb.org/t/p/w500//b8KswJkC9CDvXszKlJLeUVlCIft.jpg,movie,13,poster
https://image.tmdb.org/t/p/w500//dDSqG7T1oZwOL95jjkiGVx6GsNh.jpg,movie,13,poster
https://image.tmdb.org/t/p/w500//vy3qKQi8FUuHI9FnWFnw1flah0S.jpg,movie,13,poster
https://image.tmdb.org/t/p/w500//pYgzM6Y8Jy0Z9KZY2gFPuU2r4HJ.jpg,movie,13,poster
https://image.tmdb.org/t/p/w500//s2LowMyePiTR5GV0JTGVUF13DuB.jpg,movie,13,poster
https://image.tmdb.org/t/p/w500//qmjBptCRJZdtroPimUuAqD8t5bq.jpg,movie,13,poster
https://image.tmdb.org/t/p/w500//gJOqfdGkhl5iRwAIwaaghNTbTH0.jpg,movie,13,poster
https://image.tmdb.org/t/p/w500//9T3R87TaXQnUMbpGL7kQbtG1bFZ.jpg,movie,13,poster
https://image.tmdb.org/t/p/w500//5C8klYkPX3q4dx6ywyzIkYAk4XW.jpg,movie,13,poster
https://image.tmdb.org/t/p/w500//4EGqW52fCdXFKmL7nralpxhdsMi.jpg,movie,13,poster
https://image.tmdb.org/t/p/w500//74nnSSv6IKJuDP8s2OnBZAu0UsN.jpg,movie,13,poster
https://image.tmdb.org/t/p/w500//wp2jsfdVlhKdlXCroJ7IesZmWEY.jpg,movie,13,poster
https://image.tmdb.org/t/p/w500//dkaIZuijP2SgmrLow02HuJx1ct5.jpg,movie,13,poster
https://image.tmdb.org/t/p/w500//hucMyzBUf1U4XkHPMKkc1JDBvdM.jpg,movie,13,poster
https://image.tmdb.org/t/p/w500//pADrv4OEqghOtjK2z3jKsyXOpPa.jpg,movie,13,poster
https://image.tmdb.org/t/p/w500//n2WZbzO1VbYFFM7BjDx1TET2Mt5.jpg,movie,13,poster
https://image.tmdb.org/t/p/w500//zmBC3BMC8oO7LmUCfP2M1rQCKU7.jpg,movie,13,poster
https://image.tmdb.org/t/p/w500//htRqVgIYLYpQBbMCQ7pOBKQXY4N.jpg,movie,13,poster
https://image.tmdb.org/t/p/w500//baj1D81ySKF15VBHlO71Wz0YsIs.jpg,movie,13,poster
https://image.tmdb.org/t/p/w500//8GNRML0UN5uQrhvKGC0N1GGScfv.jpg,movie,13,poster
https://image.tmdb.org/t/p/w500//jn4XEUZDzWjdTXeTJWbRodzZg2g.jpg,movie,13,poster
https://image.tmdb.org/t/p/w500//jUL2KbG9Xdv7iM3assnJSbaceVt.jpg,movie,13,poster
https://image.tmdb.org/t/p/w500//oXs67sAZuZOtTGjLG0TL1KdqqpR.jpg,movie,13,poster
https://image.tmdb.org/t/p/w500//oRt21YKrrOc5X8PrGV73wJu9oWz.jpg,movie,13,poster
https://image.tmdb.org/t/p/w500//ahcpDBM94u5o63wTKwCPRqyhwn9.jpg,movie,13,poster
https://image.tmdb.org/t/p/w500//36hDQxJIy8J9vttN1ie3X2mKIhw.jpg,movie,13,poster
https://image.tmdb.org/t/p/w500//njwghbQ5wz9WRGD0KtWN8IJDtmA.jpg,movie,13,poster
https://image.tmdb.org/t/p/w500//2UGYDGmChJa5ilQ6FwrlYMHIvrj.jpg,movie,13,poster
https://image.tmdb.org/t/p/w500//gy8xGBvHY8s4BOkOKoSizhXQJ9a.jpg,movie,13,poster
https://image.tmdb.org/t/p/w500//fC4CzkPrN1dq6RFz7KErwXgCkN3.jpg,movie,13,poster
https://image.tmdb.org/t/p/w500//aPMHPOd8hxS4goTAHEouvrOiRV2.jpg,movie,13,poster
https://image.tmdb.org/t/p/w500//rBPV16as1Oqoz9PHQLDC4OsTBkl.jpg,movie,13,poster
https://image.tmdb.org/t/p/w500//cxSRCvCbG4XvA5n9h6NqPAUKgiS.jpg,movie,13,poster
https://image.tmdb.org/t/p/w500//tZEg7HwDrejdnTRRJ2OVkQfEJRH.jpg,movie,13,poster
https://image.tmdb.org/t/p/w500//ofn4G5wQ5ggQTfewoI9PM9LEfmq.jpg,movie,13,poster
https://image.tmdb.org/t/p/w500//w1fZ8w4Po74qZUX6SseUY9xGtqI.jpg,movie,13,poster
https://image.tmdb.org/t/p/w500//v5OV7ee0LCBLlHEa1EDQpYlRpfm.jpg,movie,13,poster
https://image.tmdb.org/t/p/w500//nrEjaxG3YQj1FKwswlDUP8wZEwf.jpg,movie,13,poster
https://image.tmdb.org/t/p/w500//VIj7F8I7qwaQoG1gMQ1zBiskmf.jpg,movie,13,poster
https://image.tmdb.org/t/p/w500//pO1zqBMxZkvOKoAs5UGpXpKw9x5.jpg,movie,13,poster
https://image.tmdb.org/t/p/w500//jKNjgsMvCDW59weCEgpoLlxrQ2b.jpg,movie,13,poster
https://image.tmdb.org/t/p/w500//gQJZTiVttR7gRS0YlXhzPsz5Pyl.jpg,movie,13,poster
https://image.tmdb.org/t/p/w500//ieIraH0RCYWOCdQDh9YZMsBK67E.jpg,movie,13,poster
https://image.tmdb.org/t/p/w500//kTpGpzK6s70IP1Ge9IHeWCmYneS.jpg,movie,13,poster
https://image.tmdb.org/t/p/w500//6qF1DNPVhAUbPL0KZjDUrfDC44K.jpg,movie,13,poster
https://image.tmdb.org/t/p/w500//6Z6MbdNDDdGdyUKY0MPeROh4ts4.jpg,movie,13,poster
https://image.tmdb.org/t/p/w500//44mqkg1XZhoERzGm47PSAT3OdM1.jpg,movie,13,poster
https://image.tmdb.org/t/p/w500//i4k6A6mUdIsIY6LhcG6d4sxChST.jpg,movie,13,poster
https://image.tmdb.org/t/p/w500//sFO30s8kfChO31wUpNoqM9lNF0F.jpg,movie,13,poster
https://image.tmdb.org/t/p/w500//iimJ5W59kSYxhMaSKntknU5qHHE.jpg,movie,13,poster
https://image.tmdb.org/t/p/w500//jltHoBXehYu4OBJvPYAy7j5cPO3.jpg,movie,13,poster
https://image.tmdb.org/t/p/w500//1IYY46aiwY3WRrGmdQvZNSh5Dtd.jpg,movie,13,poster
https://image.tmdb.org/t/p/w500//ooMaL0l4VjTkzsXsTdN0ivoDw5F.jpg,movie,13,poster
https://image.tmdb.org/t/p/w500//54chGtWhXWRJKASIdo0TOzpodNd.jpg,movie,13,poster
https://image.tmdb.org/t/p/w500//7DvDbBOwEF6wFCeXlbM9cnx2d1g.jpg,movie,13,poster
https://image.tmdb.org/t/p/w500//c7Yc35aDMPNCIdgqtADRGvqvzkT.jpg,movie,13,poster
https://image.tmdb.org/t/p/w500//3TY87ap4QwHhGvn5UwvnHUwI1to.jpg,movie,13,poster
https://image.tmdb.org/t/p/w500//scAcBk4q6g8DWt8yryWlnc006ad.jpg,movie,13,poster
https://image.tmdb.org/t/p/w500//7VO7Cgc9TekmoCXTK6fQebS47Jf.jpg,movie,13,poster
https://image.tmdb.org/t/p/w500//jZMxQbVyk9oaHHW0GCoI0TXnXWT.jpg,movie,13,poster
https://image.tmdb.org/t/p/w500//xIbv4W5DwtEtpxWtBz7X6hIUKO.jpg,movie,13,poster
https://image.tmdb.org/t/p/w500//uEedvcSemKfzl8wBUHUGraYHY0W.jpg,movie,13,poster
https://image.tmdb.org/t/p/w500//iPbDXZSHDDzTw5OpQHHQIf5pWpr.jpg,movie,13,poster
