movieId,name,identifier,display_name,overview,title
1,English,en,English,Blondie and Dagwood are about to celebrate their fifth wedding anniversary but this happy occasion is marred when the bumbling Dagwood gets himself involved in a scheme that is promising financial ruin for the Bumstead family.,
2,Deutsch,de,German,,
2,English,en,English,,"Peter Voss, Thief of Millions"
3,Český,cs,Czech,Povídkový film pěti režisérů a jejich pohled na lásku dvacetiletých.,Láska ve dvaceti letech
3,Dansk,da,Danish,"De unge elskende, forener 5 forskellige instruktører rundt om i verden og præsenterer hver især hvad kærlighed er, når man er 20 år.",De unge elskende
3,Deutsch,de,German,,Liebe mit zwanzig
3,English,en,English,Love at Twenty unites five directors from five different countries to present their different perspectives on what love really is at the age of 20. The episodes are united with the score of Georges Delerue and still photos of Henri Cartier-Bresson.,Love at Twenty
3,Español,es,Spanish,"Cinco episodios sobre el amor, dirigidos por conocidos directores. François Truffaut, en ""Antoine et Colette"", trata de un inocente amor entre un joven y una mujer madura. Renzo Rossellini sigue las andanzas de dos mujeres que comparten un amante. Shintaro Ishihara ofrece un violento retrato de un joven perturbado que se convierte en asesino de mujeres. El episodio de Marcel Ophüls (hijo del gran Max Ophüls) se centra en un periodista que, tras un breve encuentro, deja a una mujer embarazada y tendrá que afrontar su responsabilidade como padre. El episodio dirigido por el polaco Andrzej Wajda habla de un joven soldado cuyas hazañas provocan la admiración de una mujer.",El amor a los veinte años
3,Français,fr,French,Cinq sketches sur les amours de jeunes gens de cinq pays différents.,
3,Italiano,it,Italian,"Cinque città, Roma, Parigi, Monaco di Baviera, Varsavia, Tokio, per cinque episodi diretti da cinque registi per sviscerare l'amore dei ventenni vissuto da una parte e dell'altra del mondo.",L'amore a vent'anni
3,Português,pt,Portuguese,Diretores ao redor do mundo apresentam diferentes perspectivas sobre o que é o amor aos 20 anos.,O Amor aos 20 Anos
3,Português,pt,Portuguese,"O amor aos 20 anos, segundo fragmentos de filmes dirigidos por 5 diretores de diversos países: François Truffaut, Shintarô Ishihara, Marcel Ophüls, Renzo Rossellini e Andrzej Wajda.",O amor aos vinte anos
3,Pусский,ru,Russian,"Антуан взрослеет, и уже не тот бунтарь, каким он был раньше. Его любви к Колетт посвящается это психологическое исследование юности.",Любовь в двадцать лет
3,svenska,sv,Swedish,En episodfilm där fem regissörer från fem olika länder skildrar ung kärlek.,Kärlek vid 20 år
3,普通话,zh,Mandarin,　　五位著名导演，各自执导了一段关于二十岁恋情的短片。 　　一、特吕弗《安托万与柯莱特》：《四百下》男主角安托万人生故事的延续，安托万暗恋上比自己年纪稍大的柯莱特，柯莱特却只把他当作弟弟般地看待，安托万的早恋就此无疾而终。 　　二、瓦伊达《华沙》：少女爱上了在动物园里见义勇为的男子，而力邀他参与家里的青年朋友聚会。不经意间，一些场景细节勾起了男子战时的记忆伤痕…… 　　三、罗西里尼（无标题）：可怜的下层女孩不甘心充当第三者，却被成熟老练的贵妇寥寥数语击溃了心理防线…… 　　四、石原慎太郎（无标题）：年轻的工人暗恋上气质非凡的女子，尽管每天都会在路上碰面，他却不敢有所表达而沉耽于幻想，被压抑的强烈欲望最终引发为悲剧。 　　五、马克斯•奥菲尔斯（无标题）：借助于往昔青春岁月的甜蜜回忆，一对夫妇逐步修复彼此之间的关系裂痕。,二十岁之恋
4,Deutsch,de,German,,
4,English,en,English,"Gee Atherton ripping the Worlds course the day after winning the race, Robbie Bourdon stomping a 70 ft. flat spin and Fabien Barel dropping an insane, near vertical line in Morocco, that's right New World Disorder is back with it's 9th installment, ""Never Enough."" Filmed exclusively in Super 16mm and High Definition, the world premiere will screen September 24th, during the annual Interbike trade show in Las Vegas.",
5,English,en,English,"Elmo is making a very, very super special surprise card for someone Elmo really loves but a gust of wind blows it away! Rosita joins Elmo to chase after the card but they can't reach it. Can Super Grover use his heroic skills to save the day? Will Elmo be able to give his surprise card to someone very special? Join Elmo, Rosita and Grover as they learn about love, emotions and friendship in this love-ly tale featuring the new song ""Elmo Loves You"" and a special music video about signing ""I Love You"".",
6,Český,cs,Czech,,
6,Dansk,da,Danish,"Taisto har ikke meget held i sprøjten. Først bliver han fyret, og bagefter bliver han frarøvet sine sidste penge. Da han senere møder den ene af røverne og vil gøre regnskabet op, ender han selv i fængsel for overfald. Heldigvis har han også mødt Irmeli og sammen med Taistos cellekammeret begynder parret at planlægge flugten.",
6,Deutsch,de,German,"Lappland Ende der 80er Jahre: Ein Bergwerk wird gesprengt und somit verlieren Taisto (Turo Pajala) und sein Vater ihren Job. Sein Vater sieht keine Hoffnung mehr und erschießt sich, kurz vorher gibt er Taisto noch die Schlüssel seines Wagens. Mit dem macht Taisto sich von nun an durch Finnland auf der Suche nach Arbeit auf und landet schließlich in Helsinki. Dort verliebt er sich und landet später im Gefängnis. Er bricht aus und versucht nochmal neu anzufangen...",Ariel - Abgebrannt in Helsinki
6,ελληνικά,el,Greek,"Μια σειρά από άτυχα συμβάντα αλλάζουν για πάντα τη ζωή του Ταϊστό. Αρχικά, χάνει τη δουλειά του, όταν κλείνει το ορυχείο όπου εργάζονταν. Έπειτα, ένας φίλος του με τάσεις αυτοκτονίας τού δίνει το αυτοκίνητο του κι ο Ταϊστο παίρνει όλα του τα χρήματα για να πάει στην πόλη να βρει δουλειά. Εκεί, όμως, θα βρεθεί χωρίς χρήματα, αφού θα πέσει θύμα ληστείας. Θα γνωρίσει τότε την Ιρμέλι, μια χήρα που κάνει πολλές δουλειές για να συντηρήσει τον γιο της, αλλά και για να πληρώσει την υποθήκη που έχει βάλει. Αυτό, όμως, δεν αλλάζει τη μοίρα του Ταϊστό, αφού θα βρεθεί κατηγορούμενος για ληστεία κι επίθεση… απέναντι σε έναν από αυτούς που τον κλέψανε.",Άριελ
6,English,en,English,"Taisto Kasurinen is a Finnish coal miner whose father has just committed suicide and who is framed for a crime he did not commit. In jail, he starts to dream about leaving the country and starting a new life. He escapes from prison but things don't go as planned...",
6,Español,es,Spanish,"Premiada por la Sociedad de Críticos de Estados Unidos en 1990 como la mejor película extranjera, este filme es una exploración de la realidad finlandesa: desempleo, corrupción y vigilancia policial...",
6,suomi,fi,Finnish,"Elokuva kertoo rautakaivosmies Taisto Kasurisesta, jonka isä tekee itsemurhan. Taisto tottelee isänsä ajatuksia omasta tulevaisuudestaan ja suuntaa matkansa etelään päin. Elokuvassa kuvataan ihmisen päättäväisyyttä ja sen vaikutusta yksilön tarinaan kaurismäkeläisinä kauniina kuvina, maailmassa vailla myötätuntoa.",
6,Français,fr,French,"Salla, petite ville minière de la Laponie. Taisto Kasurinen, mineur, hérite d’une « belle américaine » après le suicide de son propriétaire. Il retire toute ses économies de la banque et part à Helsinki. La capitale l’accueille froidement : il se fait voler son argent et se retrouve en prison. Cependant il a eu le temps de rencontrer Irmeli, jeune femme débordée, et son petit garçon. Ils réussiront a faire évader Taisto. Poursuivis par la police, ils sont bien décidés a tout faire pour s’en sortir.",
6,עִבְרִית,he,Hebrew,"הסרט מספר את סיפורו של טאיסטו קאסורין, כורה פחם פיני שאביו היתאבד ושהופלל בפשע שאותו לא ביצע. בכלא הוא חולם על לעזוב את המדינה ולבנות חיים חדשים. הוא בורח מהכלא, אך הדברים לא הולכים כפי שתיכנן...",אריאל
6,Magyar,hu,Hungarian,"Az 1988-as Ariel a Munkásosztály trilógia második darabja. Főhőse egy fiatalember, aki ellopott pénzét akarja visszaszerezni, de végül ő kerül börtönbe. A fegyintézetben megismerkedik egy bűnözővel, akivel megszökik, és bűncselekményekbe bonyolódik. A főhős végül a rendőrből lett mészáros barátnőjével és annak gyerekével elhagyja Finnországot az Ariel nevű hajó fedélzetén. Kaurismäkinak ez a film hozta meg a nemzetközi ismertséget, amikor az amerikai filmkritikusok társasága a legjobb idegen nyelvű alkotásnak választotta az Arielt.",
6,Italiano,it,Italian,"Licenziato dalla miniera dove era impiegato, Taisto Kasurinen si ritrova coinvolto in una serie di stravaganti eventi: derubato della liquidazione da alcuni malviventi, ne ferisce uno e finisce in carcere, dove sogna la fuga e un'esistenza migliore. Evaso con l'assassino Mikkonen, si mette in testa di imbarcarsi sulla nave Ariel, in partenza per il Messico...",
6,日本語,ja,Japanese,,真夜中の虹
6,한국어/조선말,ko,Korean,주인공 카스리넨은 광부다. 일하던 탄광이 폐광이 되며 도산을 하고 사장은 유일하게 남은 것은 권총과 승용차 한대. 차 키를 카스리넨에게 주고 자신은 권콩으로 자살을 한다. 실업자가 되어 달랑 차 한 대만 끌고 도시로 온 그는 주차 단속을 하던 필라야와 너무 쉽게 잠을 자고 곧 동거를 시작하는데 그들의 필요 충분 조건은 사랑뿐 이었을 뿐이다. 그녀에겐 딸린 아들도 있다. 가진 것 없고 사랑만 있는 이들 앞엔 역경만 닥쳐오고 결국 갖은 우여곡절 끝에 그들은 현실을 도피해 밀항선을 타고 꿈의 땅 아리엘로 떠난다.,아리엘
6,Nederlands,nl,Dutch,"Deze film gaat over Taisto Kasurinen, een Finse kolenmijnwerker wiens vader net zelfmoord heeft gepleegd, en die wordt ingerekend door de politie vanwege een misdaad die hij niet heeft gepleegd. Tijdens zijn detentie droomt hij ervan om uit de gevangenis te vluchten en het land te verlaten. Hij weet te ontsnappen, maar de dingen gaan niet helemaal zoals gepland...",
6,Polski,pl,Polish,"Film opowiada historię Taisto Kasurinena, fińskiego górnika, którego ojciec właśnie popełnił samobójstwo, a on sam został wrobiony w przestępstwo, którego nie popełnił. W więzieniu zaczyna marzyć o opuszczeniu kraju i zaczęciu nowego życia. W końcu ucieka z więzienia, ale rzeczy nie układają się tak jak je sobie zaplanował.",
6,Português,pt,Portuguese,"Taisto Kasurinen trabalha numa mina de carvão que passa por graves problemas. Seu pai comete suicídio e ele acaba sendo preso por um crime que não cometeu. Na cadeia, ele começa a sonhar em começar uma nova vida em outro país e planeja escapar da prisão.",
6,Português,pt,Portuguese,,
6,Pусский,ru,Russian,С героем фильма шахтером Таисто случается серия неудач…,Ариэль
6,svenska,sv,Swedish,"Taisto har det inte lätt. Först blir han av med jobbet när gruvan läggs ner. När han åker in till stan för att hitta ett nytt jobb blir han rånad. I ett försök att få ihop lite pengar försöker han sedan sälja sin bil, men då springer han på en av männen som rånade honom. Mannen drar kniv men Taisto lyckas avväpna rånaren. När polisen kommer till platsen lägger de ihop ett och ett - och kommer fram till att det var Taisto som försökte råna mannen. Taisto hamnar i en cell tillsammans med Mikkonen som sitter inne för mord. Han påstår att han är oskyldig precis som Taisto. Tillsammans börjar de planera sin flykt.",
6,Türkçe,tr,Turkish,Film kısa süre önce babası intihar eden ve kendisi de işlemediği bir cinayet yüzünden suçlanan Finlandiyalı maden işçisi Taisto Kasurinen'in hikayesini anlatır. Hapisteyken ülkeyi terk etmek ve yeni bir hayata başlamakla ilgili hayaller kurmaya başlar. Sonunda hapisten kaçar ama işler planladığı gibi gitmez...,
6,普通话,zh,Mandarin,矿工卡苏里南（Turo Pajala 饰）工作的矿场停业，他只得驾驶别人送赠的敞篷凯迪拉克老车远赴赫尔辛基另谋出路。路上遭遇的一场抢劫让他身边只剩凯迪拉克和一台收音机，卡苏里南找到了码头力工的临时工作，但正职却迟迟无法落实。卡苏里南结识了在屠宰厂工作身带一个男孩的女工伊勒梅勒，两人的生活很快合二为一。但不久卡苏里南因向劫匪寻仇而入狱，室友米柯南精心策划了越狱步骤，在伊勒梅勒的协助下，卡苏里南重获自由。本片获1989年莫斯科国际电影节最佳男主角奖、国际影评人费比西奖，1991年全美影评人协会最佳外语片奖。是导演郭立斯马基（Aki Kaurismäki）无产阶级三部曲的第二部。,升空号
7,Český,cs,Czech,"Milostný příběh popeláře Nikandera a pokladní Ilony zasazený do chladné a drsné obrazové kulisy zcela postrádá pro romantické a milostné filmy typickou vizuální krásu. Vykresluje malé každodenní radosti a starosti dvou zamilovaných lidí a je prvním (zdaleka ne však posledním) Kaurismäkiho filmem, ve kterém vystupuje herečka Kati Outinenová.",Stíny v ráji
7,Deutsch,de,German,Film aus der Proletarischen Trilogie des finnischen Regisseurs Aki Kaurismäki. Müllwagenfahrer Nikander und die arbeitslose Supermarktkassiererin Ilona verlieben sich im regnerischen Helsinki ineinander. Wie in so vielen Dramen Kaurismäkis spielt auch hier die Kulisse der verregneten finnischen Hauptstadt eine ganz besondere Rolle.,Schatten im Paradies
7,ελληνικά,el,Greek,"Ο Νικάντερ είναι ένας στωικός και μοναχικός σκουπιδιάρης. Αυτά που κυκλώνουν τη ζωή του είναι τα τσιγάρα, ο καφές, το μπίνγκο και τα μαθήματα αγγλικών. Λίγα λόγια, κανένα χαμόγελο και σίγουρα κανένα γέλιο. Η Ιλόνα είναι μια υπάλληλος σούπερ-μάρκετ, που συνηθίζει να χάνει τη δουλειά της, και ένα βράδυ τυχαίνει να βάλει επίδεσμο στο χέρι του Νικάντερ. Μετά, αυτός καταφέρνει να την βγάλει από κάποιο μπελά και οι δυο τους ξεκινούν μια παράδοξη σχέση.",Σκιές στον Παράδεισο
7,English,en,English,"An episode in the life of Nikander, a garbage man, involving the death of a co-worker, an affair and much more.",Shadows in Paradise
7,Español,es,Spanish,"Nikander es un conductor de un camión de la basura, que una noche verá como su vida se complica al morirse su compañero de trabajo. Además, se enamora de Ilona, una cajera de un supermercado. Primera entrega de ""La trilogía del proletariado"" que se compone además de ""Ariel"" y ""La chica de la fábrica de cerillas.""",Sombras en el paraíso
7,suomi,fi,Finnish,"Varjoja paratiisissa kertoo roskakuskin ja supermarketin kassan rakkaustarinan. Se kertoo ihmisistä kadun varjoisalla puolella, mutta myös itsekunnioituksesta ja rakkauden välttämättömyydestä.",
7,Français,fr,French,"L’histoire d’amour d’un conducteur de camion à ordures, Nikander, et d’une caissière de supermarché, Ilona. Un des rares films du nouveau cinéma finlandais enfin sur nos écrans.",Ombres au paradis
7,Magyar,hu,Hungarian,"Az Árnyak a paradicsomban még a nagy nemzetközi áttörés előtt készült, viszonylag korai műve (1986), de Kaurismaki már ebben a filmjében is teljes fegyverzetben mutatkozik. A történet szinte banális és nem is annyira fontos: egy pénztárosnő és egy kukásautó-sofőr szerelmi története pereg előttünk, de a lényeg természetesen itt is maga az atmoszféra.",Árnyak a paradicsomban
7,Italiano,it,Italian,,Ombre nel paradiso
7,한국어/조선말,ko,Korean,"첫 장면부터 청소차가 새벽을 가른다. 청소부는 제각기 정해진 구역에서 익숙하게 쓰레기를 처리한다. 청소부 니칸더(Nikander)의 일상이 피아노선율에 따라 잔잔히, 사뭇 엄숙하게 펼쳐진다.  이 작품은 청소부 니칸더(Nikander) 가 다친 손목을 계기로 슈퍼마켓 계산대 아가씨 일로나(Ilona)와의 만남을 갖게 되면서 시작된다. 가난하고 소외 받는 이들의 삶과 사랑에 초점이 맞춰져 있다. 그들은 사랑의 감정조차 억누른 채 너무도 소극적인 모습으로 일관한다. 가난에 짓눌린 그들이 엮는 소심한 사랑은 어둠과 함께 시작하고 내내 어둠에만 머물러 있다. 그럴듯한 식당에서도 호텔예서도 심지어 직장에서조차 이들은 냉대 받는다. 익숙해진 사회의 멸시 속에서 소박한 두 사람의 사랑은 오히려 소중한 가치를 지닌다. 천국의 그림자가 화려한 도시의 그늘에 가려진, 바로 그 어둠을 상징한다면 역설적이게도 그 어둠을 걷는 자의 삶은 누추하고 고적하기만 하다.",천국의 그림자
7,Nederlands,nl,Dutch,"Nikander is een vrijgezel die een vuilniswagen bestuurt. Na de dood van zijn collega raakte hij de kans kwijt om zelfstandig te worden. Hij krijgt een onbetrouwbare vriend, en ontmoet Ilona, zijn nieuwe vriendin, een werkloze supermarktmedewerkster. Nikander vindt het wel leuk om verliefd te zijn, maar ze doet hem veel pijn.",Shadows in Paradise
7,Polski,pl,Polish,,Cienie w raju
7,Pусский,ru,Russian,"История любви мусорщика и кассирши универсама. Мрачный усатый тип по имени Никандер холост, обычно вечером после работы идет в кино, потом в бар, пока не упьется и не вляпается в странную историю. Утром рискует обнаружить себя то ли в тюремной камере, то ли на мусорной свалке с разбитой головой.",Тени в раю
7,svenska,sv,Swedish,"En kärlekshistoria berättad med den blandning av karghet, kärv humor och ömsinthet som blivit Aki Kaurismäkis kännetecken. Den blyge, tystlåtne Nikander jobbar som sophämtare, ett tungt och hårt arbete. En av hans arbetskamrater föreslår att de skall öppna en egen firma, men denne dör av en hjärtattack innan planerna blir verklighet. På ett snabbköp träffar Nikander kassörskan Ilona för första gången. Snart stöter de ihop igen och de bestämmer sig för att gå ut tillsammans.",Skuggor i paradiset
7,普通话,zh,Mandarin,环卫公司垃圾车驾驶员尼卡德（Matti Pellonpää 饰）的老同事计划筹资组建自己的环卫公司，邀请尼卡德技术入股，但老同事不久急病突发身亡，尼卡德的生活重回一潭死水状态。尼卡德心有不甘借酒滋事，在被拘留的时候结识日后的同事米卡拉。米卡拉偶而会不识趣的妨碍尼卡德暗地追求超市售货员伊罗娜（Kati Outinen 饰），但他仍是尼卡德最可依赖的朋友。伊罗娜为报复超市经理偷走了钱盒，尼卡德帮助她找到服装店的新工作，服装店经理夹到尼卡德与伊罗娜的关系中间，但尼卡德最终夺回了自己的爱人。 本片获1987年芬兰电影尤西奖最佳影片奖。是导演郭立斯马基（Aki Kaurismäki）无产阶级三部曲的第一部。,天堂孤影
7,普通话,zh,Mandarin,環衛公司垃圾車駕駛員尼卡德（Matti Pellonp鳵 飾）的老同事計劃籌資組建自己的環衛公司，邀請尼卡德技術入股，但老同事不久急病突發身亡，尼卡德的生活重回一潭死水狀態。尼卡德心有不甘借酒滋事，在被拘留的時候結識日後的同事米卡拉。米卡拉偶而會不識趣的妨礙尼卡德暗地追求超市售貨員伊羅娜（Kati Outinen 飾），但他仍是尼卡德最可依賴的朋友。伊羅娜為報復超市經理偷走了錢盒，尼卡德幫助她找到服裝店的新工作，服裝店經理夾到尼卡德與伊羅娜的關係中間，但尼卡德最終奪回了自己的愛人。本片獲1987年芬蘭電影尤西獎最佳影片獎。是導演郭立斯馬基無產階級三部曲的第一部。,天堂孤影
8,български език,bg,Bulgarian,"Четири истории протичащи, протичащи в един хотел в новогодишната нощ. Връзката между тях е смахнат пиколо, който става свидетел на какви ли не извращения в извънредния си работен ден.",Четири стаи
8,Český,cs,Czech,"Tento povídkový snímek je dílem čtyř režisérů, kteří se v poslední době stali nejslavnějšími představiteli americké nezávislé kinematografie. Tvůrci natočili čtyři epizodické příběhy, odehrávající se o silvestrovské noci v pokojích jednoho losangeleského hotelu. Do každého příběhu (i pokoje) je zatažen novopečený hotelový sluha Ted. S osudovou nekompromisností se mladík stane důležitým aktérem různých podivných až bizarních událostí. Každý z režisérů napsal scénář své epizody a samozřejmě při realizaci uplatnil svou poetiku. Výsledkem je značně eklektická podívaná, v níž se různé styly a žánry střídají bez většího doplňujícího účinku.",Čtyři pokoje
8,Dansk,da,Danish,"Det er nytårsaften og første dag på jobbet for en ensom piccolo, derskal forsøge at holde styr på de tolv gæster i det forfaldne Mon Signor Hotel i Los Angeles. Ikke nogen uoverkommelig opgave, vil du nok mene, men du har til gengæld heller ikke mødt de hér gæster endnu. Hvis Ted -for det hedder piccoloen- overlever denne nat, vil han takke sin skaber og få sig et nyt job.",
8,Deutsch,de,German,"In der Silvesternacht tritt Ted seinen Posten als Page in einem einstmals ehrwürdigen, mittlerweile aber heruntergekommenen Hotel an. Schon am Neujahrstag widerfahren ihm wundersame Dinge: So kriegt er es mit Hexen, die ihre Göttin zu neuem Leben erwecken wollen, einem eifersüchtigen Ehemann, zwei verzogenen Kindern, die eine grausame Entdeckung machen und einem arroganten Hollywood-Star zu tun.",
8,ελληνικά,el,Greek,"Δώδεκα σκανδαλώδες ένοικοι. Τέσσερα σκανδαλώδη αιτήματα. Κι ένας μοναχικός γκρουμ, στην πρώτη μέρα στη δουλειά, που θα περάσει την πιο άγρια πρωτοχρονιά της ζωής του.Ο δύσμοιρος γκρουμ του ξενοδοχείου Τεντ την παραμονή της Πρωτοχρονιάς θα ζήσει την πιο άγρια νύχτα της ζωής του! Προσπαθώντας να εξυπηρετήσει τους πελάτες του ξενοδοχείου συναντά τους πιο παράξενους και εκκεντρικούς ανθρώπους που έχει γνωρίσει ποτέ! Σε ένα από τα δωμάτια τέσσερις μάγισσες προσπαθούν να καλέσουν το πνεύμα της θεάς Ντιάνα. Σε ένα άλλο δωμάτιο ένας εξαγριωμένος σύζυγος σημαδεύει με πιστόλι την γυναίκα του. Στο τρίτο δωμάτιο ένας άγριος γκάνγκσκτερ αναγκάζει τον Τεντ να προσέχει τα παιδιά του, ενώ στο τέταρτο έναs εκκεντρικός σκηνοθέτης κάνει πάρτι και βάζει ένα αλλόκοτο στοίχημα…",Τέσσερα Δωμάτια
8,English,en,English,It's Ted the Bellhop's first night on the job...and the hotel's very unusual guests are about to place him in some outrageous predicaments. It seems that this evening's room service is serving up one unbelievable happening after another.,
8,Español,es,Spanish,"Durante una Nochevieja, en un hotel de Los Ángeles, un botones es continuamente solicitado por los ocupantes de cuatro habitaciones. En una de ellas se han reunido unas brujas, en otra un hombre apunta con un revólver a su mujer, que está atada a la cama, en la tercera un gángster y su mujer le piden que cuide a sus hijos y en la cuarta dos hombres realizan una arriesgada apuesta.",
8,Español,es,Spanish,"Durante una Nochevieja, en un hotel de Los Ángeles, un botones (Tim Roth) es continuamente solicitado por los ocupantes de cuatro habitaciones. En una de ellas se han reunido unas brujas, en otra un hombre apunta con un revólver a su mujer, que está atada a la cama, en la tercera un gángster y su mujer le piden que cuide a sus hijos y en la cuarta dos hombres realizan una arriesgada apuesta.",Cuatro habitaciones
8,suomi,fi,Finnish,"Kaksitoista erikoista vierasta. Neljä kummallista pyyntöä. Ja yksi hotellipoika työssä ensimmäistä päivää, josta tulee hänen elämänsä rajuin uudenvuodenaatto. Mitä kaikkea poloiselle piccololle voikaan tapahtua uudenvuodenyönä? Quentin Tarantinon tuottama episodielokuva vie meidät Tedin mukana neljään, toinen toistaan yllättävämpään hotellihuoneeseen. Hotellin palvelutasoa koettelevat joukko noitia, perverssejä seksileikkejä harrastava pari, meksikolaisgangsterin, kauhukakarat ja erään ohjaajan pikku pirskeet, joissa lyödään outo veto.",Neljä Huonetta
8,Français,fr,French,"Le groom d'un hôtel de luxe présente quatre histoires, se passant dans quatre chambres différentes. The missing ingredient : des sorcières tentent d'invoquer l'esprit de la déesse Diana. The wrong man : un homme armé séquestre sa femme. The misbehavers : un gangster, sa femme et ses deux enfants logent dans une chambre. The man from Hollywood : un acteur arrogant a organisé une fête.",Groom Service
8,עִבְרִית,he,Hebrew,"מסופר על בלבוי (טים רות') המשרת 4 חדרים שבכל אחד מהם יש דבר מוזר אחר. הסרט בנוי כארבעה מיני-סרטים שאותו בלבוי הוא המכנה המשותף ביניהם, כשכל חדר מבויים ע""י במאי אחר. קוונטין טרנטינו ביים אחד מהם.",ארבעה חדרים
8,Magyar,hu,Hungarian,"Ted, az első éjszakai szolgálatát teljesítő boy szilveszter éjjelén a Los Angeles-i Mon Signor szállodában hajmeresztő kalandok elé néz. A nászutasok részére fenntartott szobában szemrevaló boszorkányok gyülekeznek. Amikor Ted belép a szobába ötven dollárt ígérnek neki, ha az egyik boszorkányt boldoggá teszi. Ezután jegesvödörrel a kezében Ted belép a 404-es szobába. Itt egy feldúlt férfi fogadja fegyvert szegezve rá. Azzal vádolja, hogy viszonya van a feleségével, és ezért most lakolnia kell. Hosszas tortúra után sikerül kimenekülnie a szobából. Következő útja a 309-es szobába vezet. Egy maffiózó lakik itt feleségével és két gyermekével. A házaspár szórakozni megy, a két gyereket Tedre bízzák. Ám ő magukra hagyja őket, és ettől kezdve elszabadul a pokol. Az elegáns tetőtéri lakosztályt Chester Rush, Hollywood híres komikus sztárja és barátai bérlik. Egy őrült fogadást kötnek, amelyhez szerencsétlen Tednek kell asszisztálnia.",Négy szoba
8,Italiano,it,Italian,"Quattro camere, quattro episodi comico-grotteschi tenuti insieme da un luogo (il Mon Signor, vecchio albergo di Los Angeles), un tempo (la notte di San Silvestro) e un fattorino (T. Roth). 1) “Strano intruglio” di A. Anders: una squadra di streghe cerca sperma fresco per evocare la loro dea; 2) “L'uomo sbagliato” di A. Rockwell: una coppia sadomaso coinvolge il fattorino d'albergo nei suoi esercizi; 3) “I cattivi” di R. Rodriguez: due bambini burrascosi si ribellano al baby-sitter, scoprono un cadavere, incendiano la stanza; 4) “L'uomo di Hollywood” di Q. Tarantino: un attore scommette che riuscirà ad accendere uno Zippo dieci volte di seguito, vincerà una Chevrolet del '64 e salverà il proprio mignolo. Bischerrima scemenza e colluvie di sciocchezze comicarole, non priva di volgarità né di turpiloquio. Si va dal pessimo al mediocre. Il meglio del film è nel cartoon d'avvio, veicolo dei titoli di testa. Colonna sonora dei Combustible Edison.",
8,日本語,ja,Japanese,『ルーム３２１／お客様は魔女』新米ベルボーイのテッドが呼ばれた部屋では、妖しい魔女たちの儀式が行われていた。『ルーム４０４／間違えられた男』氷を届けに来たテッドは、中年男からいきなり拳銃を向けられる。『ルーム３０９／かわいい無法者』テッドはラテン系のヤクザ夫婦から悪ガキ姉弟の世話を頼まれて…。『ペントハウス／ハリウッドから来た男』高級車と小指をかけたトンデモない賭けに巻き込まれたテッドの運命は！？,フォー・ルームス
8,ქართული,ka,Georgian,,ოთხი ოთახი
8,한국어/조선말,ko,Korean,"새해 전날 밤, LA 몽시뇰 호텔에서 첫근무를 하게 된 괴짜 벨보이 테드는 상상조차 할 수 없는 최악의 밤을 맞이한다. 허니문 스위트룸에 투숙한 마녀들의 부활의식에 야릇한 제물로 걸려드는가 하면, 얼음 배달차 들른 룸 404호의 악당 지그프리드는 아내의 정부라고 오해를 한다. 5백 달러를 받고 돌봐주기로 한 룸 309호 갱스터 부부의 꼬마 악동들은 시끌벅적한 소란을 벌이며 방 한 칸을 홀라당 날려버린다. 마지막 펜트하우스 특실 룸에는 할리우드 최고의 코미디언 체스터 러쉬와 그의 친구들이 벌이는 잔인한 내기에 엉겁결에 끼어들게 된 테드는 피할 수 없는 희생양이 될 판이 된다.",포룸
8,Lietuvių,lt,Lithuanian,"Naujųjų metų išvakarės viešbutyje, menančiame praeities populiarumą, tačiau išgyvenančiame ne pačius geriausius laikus. Todėl tą naktį tebuvo užimti tik keturi kambariai, kuriuose apsigyveno itin keistos kompanijos: - moterys, siekiančios atgaivinti meilės dievaitę, pakvaišusi pora su išskirtiniais polinkiais, gangsterių šeima, nesusitvarkanti su savo vaikais ir kino žvaigždės, besilažinantys iš savo pirštų. Viešbučio budėtojui Tedui tai pirmoji darbo diena. O paskirtas jis čia buvo, idant švenčių metu pastovų personalą galima būtų paleisti atostogų. Tedas nėra viešbučio budėtojas iš prigimties ir gabumais šioje srityje jis taip pat nepasižymi. Jis supainioja iškvietimus, kambarius, paslaugas ir dėl to įsivelia į kvailas ir klaikias istorijas.",Keturi kambariai
8,Nederlands,nl,Dutch,"Op oudjaarsavond in hotel Mon Signor in Los Angeles staat bediende Ted (Tim Roth) er helemaal alleen voor. Plotseling raakt hij dan verwikkeld in vier vreemde situaties. Als eerste komt hij in een kamer waar een groep heksen een ritueel willen uitvoeren, maar ze missen sperma. Vervolgens komt Ted in een kamer terecht waarin een gewapende man zijn vrouw op het bed heeft vastgebonden.",
8,Polski,pl,Polish,"Boy hotelowy Ted jest świadkiem czterech niezwykłych historii w pewną noc sylwestrową. W apartamencie dla nowożeńców trwa sabat czarownic, a w pokoju 404 dochodzi do gwałtownej kłótni małżeńskiej... o kochanka żony. Tymczasem w pokoju 309 pozostawione bez opieki dzieciaki stają na głowie, zaś w apartamencie na ostatnim piętrze hollywoodzki producent sprawdza skuteczność tricków mistrza Hitchcocka",Cztery pokoje
8,Português,pt,Portuguese,"Em uma véspera de Ano-Novo muito louca, o carregador de malas de um hotel precisa lidar com bruxas em um quarto, crianças diabólicas em outro, acaba no meio de uma relação problemática e de uma aposta sangrenta entre a comitiva de um superstar.",Grande Hotel
8,Português,pt,Portuguese,"Convidamos você para passar o ano novo no luxuoso, porém decadente Hotem Mon Signor onde alguns hóspedes muito estranhos irão se registrar e um mensageiro chamado Ted, em seu primeiro dia da trabalho terá uma noite inesquecível. Grande Hotel é uma comédia com elenco extraordinário dirigida por quatro dos maiores diretores da nova geração de Hollywood. O filme conta histórias inusitadas, aterrorizantes, ousadas e hilárias que acontecem em diferentes quartos de um hotel em Los Angeles, na noite de Ano Novo.",Grande Hotel
8,Română,ro,Romanian,,Patru camere
8,Pусский,ru,Russian,"Озорная комедия состоит из четырех новелл (каждый из режиссеров сделал по одной), связанных одним героем — коридорным Тедом, вышедшим на работу накануне Нового года. Он попадает на шабаш ведьм, чуть не погибает от руки ревнивого мужа, еле уносит ноги от шаловливых детишек гангстера, принимает участие в странном пари эксцентричных господ. Но, несмотря на все сомнительные приключения, коридорный сохраняет невозмутимость в любых, самых невероятных ситуациях.",Четыре комнаты
8,Slovenčina,sk,Slovak,"Hoteloví hostia dokážu byť pekne otravní. Obzvlášť, keď sa na vec pozeráte očami miestneho poskoka Teda! Hotelový poslíček Ted dostal novú prácu - stal sa poskokom snobských hostí v luxusnom hoteli Mon Signor. Blíži sa Silvester a do Los Angeles sa schádza zberba tých najzlomyselnejších a nejrozmaznanejších boháčov, aby si vo veľkom štýle užili koniec roka.",Štyri izby
8,svenska,sv,Swedish,Fyra historier tar plats i fyra olika rum på Mon Signor Hotel i Los Angeles på nyårsafton. Piccolon Ted kommer att besöka alla fyra rum och får uppleva en märklig natt han aldrig kommer att glömma.,
8,Türkçe,tr,Turkish,"Tarantino'nun örgütlediği bu ilginç fars-komedi dört 'bağımsız' yönetmenin ortak çalışması. Ted lüks fakat gözden düşmüş bir otelde servis elemanı olarak çalışmaya başlar ve ilk çalışma gecesinde dört, biri birinden ilginç odayla uğraşmak zorunda kalır. Odaların ilkinde bir cadılar kumpanyası Tanrıça Diana'nın ruhunu çağırma uğraşındadır. İkincisinde sert bir gangster Ted'i çocuklarına dadılık yapmaya zorlamaktadır. Üçüncü odada ise çıldırmış boynuzlanan bir koca ikâmet etmektedir. Son odaya girdiğinde Ted kendisini snop bir film yıldızının verdiği partinin ortasında bulur. Tüm bu 'karakterlerin' Ted'den farklı beklentileri vardır. Tarantino ve arkadaşlarının çok daha sakin, iddiasız bir tarzı denediği fakat absürd komedinin hakkını veren bir çalışma.",Dört Oda
8,Український,uk,Ukrainian,"Пустотлива комедія складається з чотирьох новел, зв'язаних одним героєм — портьє Тедом, що вийшов на роботу напередодні Нового року. Він потрапляє на шабаш відьом, ледве не гине від руки ревнивого чоловіка, ледве виносить ноги від пустотливих діточок гангстера, бере участь в дивному парі ексцентричних панів. Але, не дивлячись на всі сумнівні пригоди, коридорний зберігає незворушність в будь-яких, найнеймовірніших ситуаціях і звісно ж отримує купу чайових.",Чотири кімнати
8,普通话,zh,Mandarin,在一家古旧的旅馆内，员工们都去欢度新年假期，只有一个小侍应生（Tim Roth 蒂姆•罗素 饰）留守。当夜，光怪陆离的事件轮番上演： 1. 一群女巫准备在当晚复活他们的女神，而她们却弄丢了至关重要的精液，小侍应生临时客串，勇敢献身……  2. 善妒的丈夫怀疑妻子与他人有染，遂将妻子绑在椅子上，倒霉的侍应生则被当作奸夫，手枪抵头，命悬一线…… 3. 富翁夫妻参加新年宴会，将子女留在房间中。两个淘气的小家伙展开了一场大战，却看到了恐怖的一幕…… 4.几名好莱坞演员凑在房间中玩打火机游戏，每人打十下，十下连续打着就会赢得一部跑车，反之有一下不着便要切掉一根手指。侍应生被临时找来充当刽子手……,四个房间
9,български език,bg,Bulgarian,"Филмът разказва за четирима млади мъже, озовали се на враждебните улици на града и извратения ум на един убиец. Бързайки за боксов мач, Франк, Майк, Джон и рей се сблъскват с неприятна изненада. Погрешен завой ги среща с Фалън, безмилостен търговец на наркотици. След като случайно стават свидетели на убийство, четиримата се заплитат в игра на котка и мишка, докато убиецът ги преследва из градската джунгла.",Нощта на страшния съд
9,Český,cs,Czech,"Americký thriller o čtveřici kamarádů z předměstí a cestě za zábavou, která se změnila v drsný boj o život. Aby si zkrátili cestu, rozhodli se jet jinudy. Zatímco bloudili neznámými ulicemi, stali se svědky vraždy. Jenže vrazi jsou jim brzy v patách.",Rozsudek noci
9,Dansk,da,Danish,"En nat i byen med gutterne forvandler sig til en kamp på liv og død, da fire unge mænd tager den forkerte frakørsel på motorvejen. De kommer ind i et mørkt og skræmmende kvarter, hvor alle fremmede er fjender, og hvor ikke engang politiet tør komme. Her bliver de vidner til et uhyggeligt bandemord, og den psykopatiske bandeleder påbegynder nu en brutal katten-efter-musen jagt på de fire venner, hvis venskab, loyalitet og mod sættes på en prøve.",
9,Deutsch,de,German,"Drei Jungs beobachten, wie ein Drogenboss einen seiner Dealer hinrichtet. Als er dies bemerkt, beginnt eine grausame Hetzjagd, bei der die drei Freunde nicht wissen, ob sie sie überleben werden.",Judgment Night - Zum Töten verurteilt
9,ελληνικά,el,Greek,"Τέσσερις κολλητοί φίλοι βρίσκονται καθοδόν για αγώνα του μποξ, αλλά κολάν στην κίνηση. Για να μην αργήσουν, αλλάζουν δρόμο, αναζητώντας μια πιο σύντομη οδό. Χωρίς να το καταλάβουν, έχουν μπει σε περιοχή κακοποιών και γίνονται μάρτυρες φόνου. Ο δολοφόνος δεν θέλει μάρτυρες και ξεκινάει μια ολονύχτια οδύσσεια για τους τέσσερις φίλους, στην οποία πρέπει να ξεπεράσουν τους καθωσπρέπει εαυτούς τους, αν θέλουν να παραμείνουν ζωντανοί.",
9,English,en,English,"While racing to a boxing match, Frank, Mike, John and Rey get more than they bargained for. A wrong turn lands them directly in the path of Fallon, a vicious, wise-cracking drug lord. After accidentally witnessing Fallon murder a disloyal henchman, the four become his unwilling prey in a savage game of cat and mouse as they are mercilessly stalked through the urban jungle in this taut suspense drama.",
9,Español,es,Spanish,"Mientras que corren para ver un combate de boxeo, Frank, Mike, John y Rey obtienen más de lo que esperaban. Un giro equivocado los coloca directamente en el camino de Fallon, un astuto y vicioso señor de la droga. Después de presenciar accidentalmente como Fallon mata a un esbirro desleal, los cuatro se convierten en su presa, en un juego salvaje del gato y el ratón, ya que son acechados sin piedad a través de la jungla urbana en este drama de tenso suspense.",Los jueces de la noche
9,Français,fr,French,"Quatre copains, voulant se rendre à un match de boxe, se retrouvent coincés dans des embouteillages sur l'autoroute. Pour arriver plus vite, ils prennent la première sortie et tentent de trouver un autre chemin pour arriver à temps au match. Mais ils se retrouvent coincés et sont témoins d'un meurtre affreux et brutal. Le tueur ne veut laisser aucune trace et décide donc de les tuer également ...",La Nuit du jugement
9,עִבְרִית,he,Hebrew,"מותחן אקשן בכיכובם של אמיליו אסטבז (מועדון ארוחת הבוקר), קובה גודינג ג'וניור (ג'רי מגוויאר), סטיבן דורף (בלייד) ודניס לירי (סודות החיים). ארבעה יאפים צעירים בדרך לקרב אגרוף, הולכים לאיבוד בשיקגו ונקלעים לשכונה מסוכנת. לאחר שהם עדים לרצח של סוחר סמים, הם מוצאים עצמם בורחים מהיורים, כשבאמתחתם רק חשיבה מהירה והתחכמויות מילוליות.",ליל הדין
9,Magyar,hu,Hungarian,"Négy jóbarát elhatározza, hogy elmennek egy Chicagóban megrendezésre kerülő bokszmeccsre. Útközben dugóba keverednek, ám hogy időben odaérjenek, letérnek egy mellékútra, ami a város kétes szegletein vezet át. Járművük elé egy ismeretlen alak esik, akit meglőttek. Ray és barátai megpróbálnak segíteni neki, azonban hamarosan előkerülnek az elkövetők is, akik viszont nem szeretnének szemtanúkat. Kezdetét veszi hát a macska-egér játék a város sikátoraiban.",Az ítélet éjszakája
9,Italiano,it,Italian,"Per andare ad assistere a un incontro di boxe, quattro amici che abitano nella periferia di Chicago decidono di fare le cose in grande e prendono in prestito un camper. Il caso vuole che, sbagliando strada, finiscano in un quartiere poco raccomandabile e che, mentre sono lì, siano testimoni di un omicidio. Comincia così una caccia all'uomo, da parte dei killer, che dura tutta la notte. L'idea del film è quella di scoprire un Vietnam, una giungla criminale, che sta alle porte di casa. I nostri protagonisti, neanche tanto eroi, alla fine vincono. Vincono soprattutto Cuba Gooding jr. e Stephen Dorff, ma giusto perché son bravi a recitare.",Cuba Libre - La notte del giudizio
9,한국어/조선말,ko,Korean,"어느날 프랭크(Frank Wyatt: 에밀리오 에스테베즈 분)와 마이크(Mike Peterson: 쿠바 구딩 주니어 분), 그리고 레이(Ray Cochran: 제레미 피번 분)와 프랭크의 동생 존(John Wyatt: 스티븐 도프 분)은 권투시합을 구경하기 위해 레이가 빌린 이동주택차를 몰고 시합장으로 간다. 그러나 꽉 막힌 교통에 지친 레이는 지름길로 간다며 빈민가로 들어간다. 긴장했던 탓에 그들은 차옆에 쓰러져 있는 사람을 자신들이 친줄 알고 차안으로 끌어들인다. 그리고 그 남자가 총상을 입은 것을 보고 놀란다. 갑자기 나타난 필론(Fallon: 데니스 레리 분)이란 악당들은 총상을 입은 사람이 필론으로부터 돈을 훔쳤다며 그 자리에서 그를 죽인다. 이를 목격한 프랭크와 친구들은 증인마저 없애려 드는 그들에게서 도망친다. 그러나 전화조차 없고 도와주는 이 조차 없는 그들에게 상황은 점점 악화되어 간다. 가까스로 도움을 받아 경찰에 전화를 걸지만 경찰은 오지 않고 레이는 악당들의 손에 죽고 만다. 슈퍼마켓을 발견한 그들은 경찰을 오게 하려고 일부러 유리창을 깨지만 그곳까지 일당이 따라와 존과 마이크는 부상을 입게 되고 마지막까지 무사했던 프랭크는 도움을 청하겠다며 나갔다가 악당 일행 중 유일하게 살아남은 두목 필론과 정면으로 대결하게 되는데...",킬러 나이트
9,Nederlands,nl,Dutch,Vier vrienden komen op weg naar een bokswedstrijd vast te zitten in het drukke verkeer. Om toch nog op tijd te komen voor de wedstrijd nemen ze de eerste de beste afslag om via een ander weg bij de bokswedstrijd te komen. Ze rijden totaal verdwaald rond in een gebied geregeerd door straatbendes. Hier komen ze vast te zitten en zijn getuige van een afschuwelijke moord.,
9,Polski,pl,Polish,"Czwórka przyjaciół jedzie na mecz bokserski. Chcąc ominąć korki skręcają w boczną uliczkę. Nagle trafiają w sam środek słynnego z przestępczości getta. Tu niespodziewanie stają się świadkami brutalnego morderstwa, którego sprawca nie życzy sobie żadnych świadków. Udaje im się uciec, ale wkrótce zabójca wpada na ich trop. Bandyta ma broń i doskonale zna teren, natomiast oni w ogóle nie wiedzą, gdzie się znajdują i w którą stronę uciekać...  [opis dystrybutora dvd]",Sądna Noc
9,Português,pt,Portuguese,"Ao correr para uma partida de boxe, Frank, Mike, John e Rey ganham mais do que eles esperavam. Uma volta errada os aterra diretamente no caminho de Fallon, um narcis da droga vicioso e sensível. Depois de testemunhar acidentalmente o assassino de Fallon, um capataz desleal, os quatro se tornaram sua presa voluntária em um jogo selvagem de gato e rato, pois eles são implacavelmente perseguidos pela selva urbana neste drama de suspense tenso",Uma Jogada do Destino
9,Pусский,ru,Russian,Началом этой истории была попытка объехать автомобильную пробку. Это вылилось в отчаянную борьбу за выживание.,Ночь страшного суда
9,svenska,sv,Swedish,"Fyra vänner är på väg till en boxningsmatch men hamnar i hård trafik och för att hinna dit i tid, så tar de en genväg. Men de hamnar i de kvarteren man inte vill hamna i och när de blir vittnen till ett mord, blir inte situationen bättre. Mördaren vill inte ha vittnen och försöker döda dom, men vännerna kommer undan, men mördaren ger sig inte och våra vänner måste hitta hjälp i dessa farliga kvarter.",
9,ภาษาไทย,th,Thai,"Frank , Mike และ Ray คือกลุ่มเพื่อนซี้ 3 คนที่มีเป้าหมายในคืนวันหยุดอันแสนวิเศษด้วยการขับรถ บ้านสุดหรูเข้าเมืองไปชมมวยแมตช์สำคัญ โดยมี John น้องชายวัยรุ่นของ Frank ก็ติดสอยห้อยตามไปด้วย การเดินทางครั้งนี้ไม่น่าจะมีอะไรผิดปกติ จนกระทั่งเมื่อพวกเขาตัดสินใจหันหัวรถลงจากทางด่วนที ่การจราจรติดขัด ไปยังทางลัดที่นำพาพวกเขาไปสู่ย่านเสื่อมโทรมของเมืองที่วังเวง กระทั่งพวกเขาได้พบเห็นการฆาตกรรมชายคนหนึ่งโดยบังเอิญ ทำให้พวกเขาต้องตกเป็นเหลือการตามล่าของเหล่าอาชญากร ที่ต้องการเก็บผู้รู้เห็นทุกคนให้เรียบ ทั้งหมดนี้นำมาซึ่งการไล่ล่าชนิดทะลุเมืองในค่ำคืนที่แสนยาวไกล",4 ล่า 4 หนี หลังชนฝา
9,Türkçe,tr,Turkish,"Dört sıkı arkadaş (ikisi abi-kardeş), karavanla bir boks maçına yetişmek isterlerken; gecenin bir yarısı, terk edilmiş bir şehirde, kendilerini hiç de ummadıkları bir olayın içinde bulurlar. Bir genç, bu dört arkadaşın gözleri önünde öldürülmüştür.",Hüküm Gecesi
9,普通话,zh,Mandarin,斯蒂芬．霍普金斯执导的本片讲述的是，四个未知世途险恶的青年结伴前往参观比赛，岂料途中遇上许多意想不到的经历。由于他们处身一个暴力世界中，恰巧目击一宗谋杀案发生，结果累得他们四处逃避保命，而这宗突发事件正好考验众年轻人的勇气。本片故事情节离奇曲折，紧紧抓住观众的好奇心，拍摄技巧也恰到好处。,夜惊魂
10,български език,bg,Bulgarian,"Мултимедийният артист Тимо Новотни нарича своя нов проект ""експериментален музикален документален филм"". Творбата е ремикс на известния Мегаполиси (Megacities, 1997) - изтънчен визуален размисъл над скритите лица на няколко от най-големите урбанистични пространства в света на австрийския документалист Михаел Главогер. Новотни заимства 30% от съдържанието директно от споменатия филм (и го монтира наново), за да го съчетае със 70% непрожектиран досега материал, в който смесва неизползвани от Главогер оригинални кадри със свои собствени от Токио. Освен в японския гигант Живот в контури ни потапя право в атмосферата на Мексико сити, Ню Йорк, Москва и Бомбай Вълнуващата комбинация от омагьосващи филмови кадри и не по-малко завладяващата музика на ""Софа Сърфърс"" ни запраща в аудиовизуално приключение през няколко континента. Освен това този филм представлява и оригинален принос към дискусията за новите тенденции в документалното кино.",Живата гора
10,Deutsch,de,German,,
10,English,en,English,"Timo Novotny labels his new project an experimental music documentary film, in a remix of the celebrated film Megacities (1997), a visually refined essay on the hidden faces of several world ""megacities"" by leading Austrian documentarist Michael Glawogger. Novotny complements 30 % of material taken straight from the film (and re-edited) with 70 % as yet unseen footage in which he blends original shots unused by Glawogger with his own sequences (shot by Megacities cameraman Wolfgang Thaler) from Tokyo. Alongside the Japanese metropolis, Life in Loops takes us right into the atmosphere of Mexico City, New York, Moscow and Bombay. This electrifying combination of fascinating film images and an equally compelling soundtrack from Sofa Surfers sets us off on a stunning audiovisual adventure across the continents. The film also makes an original contribution to the discussion on new trends in documentary filmmaking. Written by KARLOVY VARY IFF 2006",
10,Français,fr,French,"Timo Novotny a remixé le film ""Megacities"" de Michael Glawoggers. 30% de la pellicule originale + 30% d’images coupées au montage par Glawoggers lui–même + 40% d’images réalisées au Japon pour l’occasion + une nouvelle bande-son extraordinaire. Une plongée en apnée au cœur des grandes capitales et leurs bas-fonds : violence urbaine, pauvreté, pénibilité au travail, sexe, culture underground… De New York à Tokyo en passant par Mexico, Moscou et Bombay.",
10,Português,pt,Portuguese,,
10,Türkçe,tr,Turkish,,
11,Deutsch,de,German,,
11,English,en,English,,Sunday in August
11,Español,es,Spanish,,
11,Español,es,Spanish,,
11,Français,fr,French,,
11,Português,pt,Portuguese,,
12,العربية,ar,Arabic,تم القبض على الأميرة ليا واحتجازها كرهينة من قبل القوات الإمبراطورية الشريرة في جهودها للسيطرة على الإمبراطورية المجرية. فريق المغامر Luke Skywalker والقبطان المبهر Han Solo مع الثنائي الروبوت المحبوب R2-D2 و C-3PO لإنقاذ الأميرة الجميلة واستعادة السلام والعدالة في الإمبراطورية.,
12,български език,bg,Bulgarian,"Рицарите джедаи са избити, а цялата галактика е в ръцете на Империята. Съпротива оказва единствено малка група Бунтовници, чието единствено преимущество са откраднатите планове на най-могъщото имперско оръжие - бойната станция „Звезда на смъртта“. Задача да върне плановете и унищожи базата на бунтовниците, получава най-верният слуга на Империята - Дарт Вейдър. Плененият бунтовнически лидер принцеса Лея, е принудена да изпрати сигнал за помощ, който е уловен от обикновено селско момче на име Люк Скайуокър.",Междузвездни войни: Епизод IV - Нова надежда
12,Català,ca,Catalan,"Fa molt de temps, en una galàxia molt, molt llunyana... un emperador malvat governa amb ma de ferro, recolzat per en Darth Vader, el seu acòlit més fidel i sinistre. Les restes de l'antiga república galàctica són a punt d'extingir-se, però encara queda una esperança si la Princesa Leia aconsegueix cridar l'atenció de l'antic cavaller Jedi, Obi-Wan Kenobi, i fa que se li uneixi en la lluita.",Star Wars: Episodi IV - Una nova esperança
12,Český,cs,Czech,"Rytíři Jedi byli vyhlazeni a Impérium vládne galaxii pevnou rukou. Malá skupina povstalců se odváží vzdorovat a ukradne plány k nejmocnější zbrani Impéria, Hvězdě smrti. Imperátorův nejvěrnější služebník, Darth Vader, musí najít plány a skrytou základnu povstalců. Zpráva o princezně Leie a vůdci rebelů se dostane až k obyčejnému farmáři, Lukovi Skywalkerovi. Ten se řídí svým osudem, zachraňuje princeznu a pomáhá povstalcům svrhnout Impérium společně s takovými nezapomenutelnými spojenci jako: Obi-Wan Kenobi, domýšlivý Han Solo, loajální Chewbacca a droidové R2-D2 a C3PO.",Star Wars: Epizoda IV - Nová naděje
12,Dansk,da,Danish,"Imperiet hersker over galaksen og Jedi-ordenen synes udslettet. Oprørerne har stjålet planerne til Imperiets nye, hemmelige våben, men bliver opsnappet af den ubarmhjertige Darth Vader og prinsesse Leia bliver tilfangetaget. Ved et tilfælde ender planerne hos den unge Luke Skywalker, som sammen med den gamle Ben Kenobi, smugleren Han Solo og hans makker Chewbacca, må befri prinsessen og ødelægge Dødsstjernen.",Et nyt håb
12,Deutsch,de,German,"Seit der Vernichtung der Jedi-Ritter steht die Galaxie unter der grausamen Herrschaft des Imperiums. Nur eine kleine Gruppe von Rebellen, angeführt von der schönen Prinzessin Leia, widersetzt sich der dunklen Macht. Als es ihnen gelingt, die geheimen Baupläne für den gefährlichen Todesstern zu entwenden, gerät das Imperium in Aufruhr. Durch Zufall gelangen die Pläne ausgerechnet in die Hände des Farmerjungen Luke Skywalker, der spürt, dass er sein bisheriges Leben hinter sich lassen muss. Gemeinsam mit dem weisen Obi-Wan Kenobi, den Weltraumabenteurern Han Solo und Chewbacca sowie den Droiden R2-D2 und C-3PO nimmt er den Kampf gegen das mächtige Imperium auf. Es beginnt ein Wettlauf gegen die Zeit, denn der Kampfstern kann nur vor seiner Fertigstellung zerstört werden...",Krieg der Sterne
12,ελληνικά,el,Greek,"Ο Λουκ Σκαϊγουόκερ ζει με την θετή θεία και τον θείο του σε μια φάρμα στο Τατούιν. Θέλει απεγνωσμένα να φύγει από τον πλανήτη του και να γίνει μέλος της Ακαδημίας, όπως και οι φίλοι του, αλλά ο θείος του τον χρειάζεται για την επόμενη συγκομιδή. Εντωμεταξύ, ένας ύπουλος αυτοκράτορας έχει καταλάβει τον γαλαξία και έχει κατασκευάσει ένα φοβερό «Death Star» ικανό να καταστρέψει ολόκληρους πλανήτες. Η πριγκίπισσα Λέα, αρχηγός του αντιστασιακού κινήματος, καταφέρνει να αποκτήσει σχέδια του Death Star και τα τοποθετεί στον R2-D2, ένα ανδροειδές, και τον στέλνει να βρει τον Όμπι-Ουάν Κενόμπι. Πριν τον βρει, καταλήγει στην φάρμα του Σκαϊγουόκερ με τον φίλο του C-3PO. Ο Λουκ τους ακολουθεί και τελικά συναντούν τον Όμπι-Ουάν. Μαζί προσπαθούν όλοι να καταστρέψουν το «Death Star».",Star Wars: Επεισόδιο IV – Μια Νέα Ελπίδα
12,English,en,English,Princess Leia is captured and held hostage by the evil Imperial forces in their effort to take over the galactic Empire. Venturesome Luke Skywalker and dashing captain Han Solo team together with the loveable robot duo R2-D2 and C-3PO to rescue the beautiful princess and restore peace and justice in the Empire.,
12,Español,es,Spanish,"La princesa Leia, líder del movimiento rebelde que desea reinstaurar la República en la galaxia en los tiempos ominosos del Imperio, es capturada por las malévolas Fuerzas Imperiales, capitaneadas por el implacable Darth Vader, el sirviente más fiel del emperador. El intrépido Luke Skywalker, ayudado por Han Solo, capitán de la nave espacial ""El Halcón Milenario"", y los androides, R2D2 y C3PO, serán los encargados de luchar contra el enemigo y rescatar a la princesa para volver a instaurar la justicia en el seno de la Galaxia.",La guerra de las galaxias
12,Español,es,Spanish,"La Princesa Leia Organa ha sido capturada por Darth Vader por tener los planos de la Estrella de la muerte, la temida estación espacial del imperio. Dos androides escapan al planeta Tatooine, ambos son comprados por Luke Skywalker, un joven granjero, este se entera de un mensaje que ella, uno de ellos y busca a Obi Wan Kenobi, un antiguo caballero Jedi que lo lleva a conocer sobre la fuerza y como utilizarla. Contratan a Han Solo, un foragido espacial que tiene al Halcón Milenario, una gran nave capaz de recorrer a la velocidad de la luz con la intención de rescatar a la princesa y luego organizar una batalla para destruir a la Estrella de la muerte.",La guerra de las galaxias
12,euskera,eu,Basque,"Luke Skywalker gazteak (Mark Hamill) indarrak biltzen ditu zaldun Jedi batekin (Alec Guiness), pilotu harro batekin (Harrison Ford), giza itxurako tantai iletsu batekin eta bi androiderekin, unibertsoa salbatzeko Inperioaren guda-estazio boteretsuaren mehatxutik. Horrekin batera, Leia printzesa (Carrie Fisher) aurkitu eta askatu beharko dute Darth Vader gaiztoaren atzaparretatik.",Izarretako Gerra IV Itxaropen Berria
12,فارسی,fa,Persian,در سال‌هایی خیلی دور در کهکشانی خیلی دور آزادی خواهان در حال مبارزه با امپراتوری دیکتاتوری فضایی هستند. در همین فاصله «پرنسس لیا» (فیشر) اسیر معاون امپراتور می‌شود که «دارت ویدر» نام دارد. لیا مخفیانه ۲ روبات را همراه با پیامی به سیاره‌ی تاتوین می‌فرستد و این ۲ روبات به دست پسری به اسم «لوک» (همیل) می افتند و لوک همراه با «اوبی وان کنوبی» و ۲ روبات، و خلبانی شیاد به اسم «هان سولو» (هریسون فورد) برای نجات لیا اقدام می‌کنند...,جنگ ستارگان: قسمت چهارم - امیدی تازه
12,suomi,fi,Finnish,"Jedi-ritarit on hävitetty ja Keisari hallitsee galaksia rautaisella kädellä. Pieni kapinallisten ryhmä rohkenee tehdä vastarintaa ja varastaa Keisarin mahtavimman aseen, taisteluasema Kuolemantähden salaiset kaaviot. Keisarin uskollisimman palvelijan, Darth Vaderin, tehtävänä on löytää kaaviot ja paikantaa kapinallisten salainen tukikohta. Kapinallisten vangittu johtaja, prinsessa Leia onnistuu lähettämään avunpyyntösignaalin, joka päätyy vaatimattoman maalaispojan, Luke Skywalkerin käsiin. Uhmaten kohtaloaan Luke vastaa haasteeseen ja lähtee pelastamaan prinsessaa ja auttamaan kapinallisia taistelussa Keisaria vastaan. Seuranaan Lukella on unohtumattomat liittolaiset: viisas Obi-Wan Kenobi, kukkoileva Han Solo, uskollinen Chewbacca sekä droididuo R2-D2 ja C-3PO.",Tähtien sota
12,Français,fr,French,"Il y a bien longtemps, dans une galaxie très lointaine... La guerre civile fait rage entre l'Empire galactique et l'Alliance rebelle. Capturée par les troupes de choc de l'Empereur menées par le sombre et impitoyable Dark Vador, la princesse Leia Organa dissimule les plans de l'Etoile Noire, une station spatiale invulnérable, à son droïde R2-D2 avec pour mission de les remettre au Jedi Obi-Wan Kenobi. Accompagné de son fidèle compagnon, le droïde de protocole C-3PO, R2-D2 s'échoue sur la planète Tatooine et termine sa quête chez le jeune Luke Skywalker. Rêvant de devenir pilote mais confiné aux travaux de la ferme, ce dernier se lance à la recherche de ce mystérieux Obi-Wan Kenobi, devenu ermite au coeur des montagnes désertiques de Tatooine...",La guerre des étoiles
12,Français,fr,French,"Il y a bien longtemps, dans une galaxie très lointaine... La guerre civile fait rage entre l'Empire galactique et l'Alliance rebelle. Capturée par les troupes de choc de l'Empereur menées par le sombre et impitoyable Dark Vador, la princesse Leia Organa dissimule les plans de l’Étoile Noire, une station spatiale invulnérable, à son droïde R2-D2 avec pour mission de les remettre au Jedi Obi-Wan Kenobi. Accompagné de son fidèle compagnon, le droïde de protocole C-3PO, R2-D2 s'échoue sur la planète Tatooine et termine sa quête chez le jeune Luke Skywalker. Rêvant de devenir pilote mais confiné aux travaux de la ferme, ce dernier se lance à la recherche de ce mystérieux Obi-Wan Kenobi, devenu ermite au cœur des montagnes désertiques de Tatooine...",La Guerre des étoiles
12,,fy,Frisian,,
12,עִבְרִית,he,Hebrew,"סיפורנו מתחיל על ספינת מורדים שמתאכסנת על ספינתו של העריץ, דארת' ויידר. העלילה נמשכת בחיים פשוטים של בחור רגיל, לוק סקייווקר, כשהוא פוגש חברים חדשים בניסיון להציל את מנהיגת המורדים הנסיכה ליאה, מידיי האימפריה. המסקנה מסתיימת בכך שהמורדים, כולל לוק סקייווקר שמומחה בלטוס עושים מתקפה על הנשק המאיים והחזק ביותר, כוכב המוות.",מלחמת הכוכבים 4: תקווה חדשה
12,Hrvatski,hr,Croatian,"Nekoć davno, u veoma dalekoj galaksiji… Princeza Leia biva oteta od strane zlih imperijskih sila koje žele ugasiti pobunjenički pokret protiv Galaktičkog carstva. Farmer Luke Skywalker i kapetan Han Solo moraju se udružiti, zajedno sa simpatičnim robotima R2-D2 i C-3PO, kako bi spasili lijepu princezu i vratili pravdu u galaksiju.",Ratovi zvijezda: Epizoda IV - Nova nada
12,Magyar,hu,Hungarian,"Réges régen, egy távoli galaxisban kezdődött a nagy kaland, amikor Leia Organa hercegnő két fura robottal egy alig értékelhető hologramot küldött az egyetlen Jedi lovagnak, a remeteként élő Ben Kenobinak. Az idős jedi Luke Skywalker, Han Solo és szőrős vukija, a hatalmas Chewbacca társaságában útra kel, hogy kiszabadítsa a hercegnőt Darth Vader fogságából, és győzelemre vigye az igaz ügyet az egész Galaxisban.",Csillagok háborúja
12,Bahasa indonesia,id,Indonesian,Putri Leia ditangkap dan disandera oleh pasukan Kekaisaran jahat dalam upaya mereka untuk mengambil alih Kekaisaran galaksi. Venturesome Luke Skywalker dan kapten gagah tim Han Solo bersama dengan duo robot yang dicintai R2-D2 dan C-3PO untuk menyelamatkan putri cantik dan memulihkan kedamaian dan keadilan di Kekaisaran.,
12,Italiano,it,Italian,"In un lontano Impero Galattico è in atto una rivolta contro i suoi dispotici capi, tra i quali il più cattivo è Lord Darth Vader. Prima di cadere nelle sue mani, la principessa Leila Organa, rappresentante dei ribelli, riesce ad affidare a due robot i piani della ""Morte Nera"" - la potentissima base spaziale di Darth Vader, capace di disintegrare un intero pianeta - e un appello al vecchio generale Obi-Wan Kenobi, che abita sul pianeta Tatooine, perché accorra in aiuto dei rivoltosi. Il messaggio viene raccolto dal giovane Luke Skywalker che, rintracciato Obi Wan Kenobi, parte con lui in soccorso della principessa a bordo di un'astronave guidata dal mercenario Han Solo e dal suo secondo Chewbacca.",Guerre stellari
12,日本語,ja,Japanese,遠い昔、遙か彼方の銀河では帝国軍の独裁体制が敷かれていた。反乱の機会をうかがう惑星アルデラーンのレイア姫は暗黒卿ダース・ベイダーに捕らえられるが、その寸前に二体のドロイドR2-D2とC-3POを砂漠の惑星タトゥイーンに送り込む。偶然にもそのドロイドを手に入れた青年ルークは、ジェダイの騎士団の一人オビ＝ワン・ケノービや密輸船ミレニアム・ファルコンの船長ハン・ソロたちと共に、反乱軍と帝国軍の闘いに巻き込まれていく。,スター・ウォーズ エピソード４／新たなる希望
12,ქართული,ka,Georgian,,ვარსკვლავური ომები: ახალი იმედი
12,한국어/조선말,ko,Korean,"공화국이 붕괴하고 제국이 수립된 뒤 20년, 제다이 기사단은 전멸하고 강력한 제국군의 횡포에 은하계는 공포에 휩싸여 있다. 그러던 중 공화국 재건을 노리는 반란군이 제국군의 비밀병기 데스스타 설계도를 훔쳐 달아나고 제국군은 이를 쫓는다. 하지만 결국 제국의 손에 붙잡히게 된 그들은 드로이드 R2-D2에 설계도를 넣어서 R2의 친구 C-3PO와 탈출시키는 데 성공하고, 두 드로이드 콤비는 타투인의 시골 마을에서 숙부와 함께 살고 있던 청년 루크 스카이워커에게 오게 되는데...",스타워즈 에피소드 4: 새로운 희망
12,Latin,la,Latin,,
12,Lietuvių,lt,Lithuanian,"Pirmoji epopėjos dalis pasakoja apie berniuką - Luką Skaivokerį, gyvenantį drauge su dėde ir teta nedidelėje fermoje Tatunio planetoje. Berniukas trokšta mokytis, tačiau dėdei jis reikalingas padėti tvarkyti ūkį. Tuo metu galaktiką užvaldo žiaurus tironas, galintis sunaikinti visas planetas. Jam pasipriešina princesė Lėja. Ji išsiunčia pasiuntinį su robotu androidu į valdovo kosminį laivą. Čia reikia surasti ""Mirties žvaigždę"", galinčią sunaikinti galaktiką. Tatunio dykumoje sutinka Luką...",Žvaigždžių karai: Epizodas IV - Nauja viltis
12,Latviešu,lv,Latvian,"Princess Leia tiek notverts un noturēts par ķīlnieku no ļaunajiem impērijas spēkiem, cenšoties pārņemt galaktikas impēriju. Aizrautīgs Luke Skywalker un brašā kapteiņa Han Solo komanda kopā ar mīlīgo robotu duetu R2-D2 un C-3PO, lai glābtu skaisto princesi un atjaunotu mieru un taisnīgumu impērijā.",Zvaigžņu kari: Jaunā cerība
12,Bokmål,nb,Norwegian Bokmål,,
12,Nederlands,nl,Dutch,"Luke Skywalker werkt op het land bij z'n oom en tante op de planeet Tatooine. Als zij door Keizerlijke troepen worden vermoord, sluit Luke zich aan bij de groep rebellen die vecht tegen de tirannie van de Keizer en de slechte Darth Vader. Luke, Princess Leia, Han Solo en de andere rebellen doen een poging de Death Star, het nieuwe wapen van de Keizer, te vernietigen.",Star Wars: Episode IV - A New Hope
12,Norsk,no,Norwegian,"Jediridderne er tilintetgjort og Imperiet hersker over galaksen med jernhånd. En liten gruppe opprørere har våget å kjempe tilbake ved å stjele de hemmelige planene for Imperiets mektigste våpen, Dødsstjernen. Keiserens med betrodde tjener, Darth Vader, må finne planene og lokalisere opprørernes gjemmested. Prinsesse Leia, som er opprørsleder, sender ut et nødsignal som blir snappet opp av en enkel gårdsgutt, Luke Skywalker. Luke tar oppfordringen om å redde prinsessen og å hjelpe opprørerne med å styrte Imperiet, sammen med de uforglemmelige allierte, som den vise Obi-Wan Kenobi, den hovne Han Solo, den lojale Chewbacca, og robotene R2-D2 og C-3PO.",Star Wars: Episode IV - A New Hope
12,Polski,pl,Polish,"Dawno, dawno temu w odległej galaktyce... Rycerze Jedi zostali wytępieni, a Imperium żelazną ręka sprawuje rządy nad całą galaktyką. Mała grupa Rebeliantów podejmuje walkę kradnąc tajne plany najpotężniejszej broni Imperium - tzw. Gwiazdy Śmierci. Najbardziej zaufany sługa Imperatora - Darth Vader musi odzyskać plany i odnaleźć ukrytą bazę buntowników. Księżniczka Leia - wzięta do niewoli przywódczyni Rebeliantów, wysyła sygnał z wezwaniem pomocy, który zostaje przechwycony przez zwykłego chłopaka z farmy - Luke'a Skywalkera. Wychodząc naprzeciw swemu przeznaczeniu, Luke podejmuje wyzwanie i rusza na ratunek Księżniczce chcąc pomóc Rebeliantom w obaleniu Imperium. W misji pomagają mu niezwykli sojusznicy - mądry Obi-Wan Kenobi, nieco arogancki gwiezdny awanturnik Han Solo i jego lojalny towarzysz Chewbacca a także dwa droidy R2-D2 i C-3PO.",Gwiezdne wojny: część IV - Nowa nadzieja
12,Português,pt,Portuguese,A princesa Leia é mantida refém pelas forças imperiais comandadas por Darth Vader. Luke Skywalker e Han Solo precisam libertá-la e restaurar a liberdade e a justiça na galáxia.,Guerra nas Estrelas
12,Português,pt,Portuguese,"Luke Skywalker inicia uma jornada que irá mudar a galáxia. Dezanove anos após a formação do Império, Luke é atirado para a luta da Aliança Rebelde quando conhece Obi-Wan Kenobi, que vive há anos em reclusão no planeta deserto Tatooine. Obi-Wan inicia Luke no treino de Jedi e juntos embarcam numa arrojada missão para salvar a bela líder rebelde, a Princesa Leia, das garras de Darth Vader e do malvado Império.",Star Wars: Episódio IV - Uma Nova Esperança
12,Română,ro,Romanian,"Han Solo se vede prins într-o misiune de salvare, strâmtorat fiind de o datorie către Jabba, binecunoscutul „mafiot”. În urma salvării prințesei Leia el este prins în hățișurile Rebeliunii și ajunge încet să o ajute în a distruge fabuloasa Stea a Morții. Leia este prințesă și spion de elită a Rebeliunii, ea fiind un personaj principal în întreaga trilogie. Tânărul Luke Skywalker este cel ce se dovedește a fi ceea ce Obi Wan Kenobi a căutat",Războiul stelelor - Episodul IV: O nouă speranță
12,Pусский,ru,Russian,"Татуин. Планета-пустыня. Уже постаревший рыцарь Джедай Оби Ван Кеноби спасает молодого Люка Скайуокера, когда тот пытается отыскать пропавшего дроида. С этого момента Люк осознает свое истинное назначение: он один из рыцарей Джедай. В то время как гражданская война охватила галактику, а войска повстанцев ведут бои против сил злого Императора, к Люку и Оби Вану присоединяется отчаянный пилот-наемник Хан Соло, и в сопровождении двух дроидов, R2D2 и C-3PO, этот необычный отряд отправляется на поиски предводителя повстанцев — принцессы Леи.",Звёздные войны: Эпизод 4 - Новая надежда
12,Slovenčina,sk,Slovak,"Rytierov Jedi vyhladili vojaci Impéria, ktoré teraz vládne galaxii pevnou rukou. V každej diktatúre sa však nájdu jedinci, ktorí chcú presadiť demokraciu. Malá skupina povstalcov sa odváži vzdorovať a ukradne plány k najmocnejšej zbrani Impéria, Hviezde smrti. Imperátorov najvernejší služobník, temný lord Darth Vader, musí nájsť nielen plány, ale aj skrytú základňu povstalcov. Správa o princeznej Leie a vodcovi rebelov sa dostane až k obyčajnému mladíkovi Lukeovi Skylwalkerovi, ktorí pracuje na farme svojho strýka a tety . Luke sa nakoniec rozhodne riadiť svojím osudom, zachráni Leiu a pomáha povstalcom zvrhnúť moc Impéria spoločne so svojimi nezabudnuteľnými spojencami Obi-Wan Kenobim, domýšľavým Hanom Solom, lojálnym Chewbaccom a droidmi R2-D2 a C3PO...",Star Wars: Epizóda IV - Nová nádej
12,Slovenščina,sl,Slovenian,,Vojna zvezd: Epizoda IV - Novo upanje
12,Srpski,sr,Serbian,"Четврта епизода саге Ратови звезда враћа се на напуштену планету Татуин. Млади Лук Скајвокер открива своју судбину када га током потраге за изгубљеним роботом спашава усамљени џедај Оби-Ван Кеноби. Док галаксијом бесни рат, а побуњеничке снаге се боре против злог Галактичког царства, Лук и Оби-Ван добијају помоћ важног пилота по имену Хан Соло. Прикључује им се необични роботски дуо Р2-Д2 и Ц-3ПО, те се овај тим упућује да спаси принцезу Леу, предводницу побуњеника, с мисијом да униште најважније оружје Царства.",Ратови звезда: Eпизода IV - Нова нада
12,svenska,sv,Swedish,"För länge sedan i en galax långt, långt borta... Prinsessan Leia tas till fånga av det ondskefulla Rymdimperiet. I ett försök att befria den sköna prinsessan slår sig den unge Luke Skywalker ihop med Han Solo. Tillsammans med de båda robotarna R2-D2 och C-3PO inleder de kampen för att befria Galaxen.",Stjärnornas krig
12,ภาษาไทย,th,Thai,"ภาพยนตร์เดินเรื่องใน ""กาลครั้งหนึ่งนานมาแล้ว ณ กาแลกซี อันไกลแสนไกล"" เล่าเรื่องของนักต่อสู้เพื่ออิสรภาพเรียกตัวเองว่า ""พันธมิตรกบฏ"" ที่วางแผนทำลายสถานีอวกาศดาวมรณะที่ทรงพลัง ซึ่งสร้างโดยจักรวรรดิกาแลกติกที่ชั่วร้าย ทำให้ชีวิตของเด็กหนุ่มชาวไร่ ลุค สกายวอล์คเกอร์ เปลี่ยนแปลงไปตลอดกาล เมื่อเขาบังเอิญได้เป็นเจ้าของหุ่นยนต์สองตนที่เก็บข้อมูลแผนผังดาวมรณะเอาไว้ เมื่อจักรวรรดิออกตามหาหุ่นยนต์ทั้งสองตนอย่างโหดร้าย ลุคจึงตัดสินใจออกเดินทางร่วมกับอาจารย์เจไดโอบีวัน เคโนบี เพื่อไปช่วยเหลือเจ้าของของหุ่นยนต์ทั้งสองคือเจ้าหญิงเลอาและช่วยกอบกู้กาแลกซีเอาไว้",สตาร์ วอร์ส เอพพิโซด 4: ความหวังใหม่
12,Türkçe,tr,Turkish,"Yıldız Kruvazörü Diplomatik görevle yolalan Korvet'i kıstırır. Bu küçük gemide aslında Senato üyesi olan ancak asilerle işbirliği içinde de bulunan, Eski Cumhuriyet'in savunucularından Prenses Leia da bulunmaktadır. İmparatorluk gemisinde ise hem Leia'yı hem de asi casusların kaçırmış olduğu ""Ölüm Yıldızı'nın planlarını"" geri isteyen kötü Lord Vader. Bu arada sevimli droid R2-D2 ve ortağı C3-PO ise Tatooine gezegeninde, tesadüfler eseri Luke Skywalker isimli genç pilot adayına satılırlar. Droidlerin amacı yüklü olan mesajı Obi Wan Kenobi isimli yaşlı bir keşişe iletmektir.",Yıldız Savaşları: Yeni Umut
12,Український,uk,Ukrainian,"Татуїн. Планета-пустеля. Вже постарілий лицар Джедай Обі-Ван Кенобі рятує молодого Люка Скайвокера, коли той намагається відшукати зниклого дроїда. З цієї миті Люк усвідомлює своє дійсне призначення: він один з лицарів-Джедаїв. Тоді як громадянська війна охопила галактику, а війська повстанців ведуть бої проти злих сил Імператора, до Люка і Обі-Вану приєднується відчайдушний пілот-найманець Хан Соло, і у супроводі двох дроїдов, R2D2 і C-3PO, цей незвичайний загін вирушає на пошуки предводителя повстанців - принцеси Леї. Героїв чекає відчайдушна сутичка із страхітливим Дартом Вейдером - правою рукою Імператора та його секретною зброєю - «Зіркою Смерті»...",Зоряні війни: Епізод 4 - Нова надія
12,Tiếng Việt,vi,Vietnamese,"Luke Skywalker sống trên một trang trại ở hành tinh Tatooine bụi bặm cùng với cô và chú của anh. Luke là một thanh niên gan dạ và rất nóng lòng được trở thành một chiến binh nổi lọan. Lúc này, tên Darth Vader tàn bạo đã thôn tính cả thiên hà và đang hoàn thành một vũ khí hủy diệt khủng khiếp, Death Star. Công chúa Leia, người dẫn đầu phong trào nổi lọan, biết được kế họach này và tìm cách báo cho Obi-Wan Kenobi, một nhà tu hành già nua sống ẩn dật có sức mạnh phi thường. Vô tình tìm thấy mẩu tin báo nguy của công chúa dấu trong người máy R2D2, Luke lên đường tìm kiếm Obi-Wan Kenobi để hợp sức cùng nhau cứu công chúa cũng như giải thóat cả thiên hà...",Chiến Tranh Giữa Các Vì Sao 4: Niềm Hi Vọng Mới
12,普通话,zh,Mandarin,　　邪恶的银河帝国控制了整个银河系，各星系居民饱受暴政之苦，反叛军仍旧坚持不懈地与之对抗。奥尔德兰行星的莉亚公主得到情报人员窃取的帝国秘密武器——死星设计图，却在黑武士达斯·维达穷追下被俘，但她已把数据输入机器人R2-D2的计算机中。机器人R2-D2和C-3PO逃亡到一个遥远的星球塔图因。年轻人卢克发现了R2-D2中的求救信息，并找到在反抗帝国的战斗中幸存的绝地武士欧比旺·克诺比。他们一行在走私船长汉·索罗的帮助下，营救出了公主。卢克在克诺比所教给他的“原力”的帮助下，摧毁了死星。经过战斗的洗礼，卢克成为一名出色的自由战士。,星球大战4：新希望
12,普通话,zh,Mandarin,年青勇士Luke Skywalker因在尋找失蹤的機械人遇險時時被武士Obi-Wan所救，驚覺自己肩負了維護宇宙和平的責任。此時正值銀河局勢動盪不安，得Han Solo隊長相助下，Han Solo與Obi-Wan合力救出因偷取摧毀死亡星的秘密方程式而失手被捕的公主Leia，他們決心要鎮壓銀河帝國叛亂的危機及對抗邪惡的黑武士。,星球大戰：新的希望
12,普通话,zh,Mandarin,遙遠星係發生叛亂，銀河共和國被推翻，奧爾德蘭星的莉亞公主（卡里•費甚爾Carrie Fisher飾）領導抵抗組織對抗銀河帝國，卻不幸被銀河帝國的維德勳爵（大衛•普勞斯David Prowse飾）所俘。機器人R2-D2攜銀河帝國新武器“死星”的結構圖與同伴翻譯機器人C-3PO逃至塔圖因星，途中被加瓦人抓住賣給青年盧克•天行者（馬克•哈米爾Mark Hamill飾）的叔父。在盧克的幫助下，眾人陰錯陽差找到了隱居的絕地武士歐比-旺•肯諾比（亞歷克•吉尼斯Alec Guinness飾）。歐比-旺交給盧克絕地之道，並帶盧克與兩機器人到港口城市茅斯伊斯壘，僱傭走私者韓•索羅（哈里森•福特飾）的千年隼飛船前往奧爾德蘭……,星際大戰四部曲：曙光乍現
13,العربية,ar,Arabic,"القصة عن سمكتين (من نوع كلون أو المهرج) تعيشان في المحيط الهادئ وبعد وضع الأنثى للبيوض تهاجم من قبل سمكة البينارا فتموت ويرعى الأب ""مرهف"" البيضة الوحيدة المتبقية ويسميها ""نيمو"" بناء لرغبة الأم ""مرجانة"". يحاول ""مرهف"" حماية ابنه من الخطر بهوس زائد عن الحد فيتمرد نيمو ويذهب ناحية قارب لقوم بتبين شجاعتة لأبوه ويقع في يد غواص ياخذه إلى أستراليا في سيدنى فيبدأ مرهف رحلة عبر المحيط لإيجاده مع سمكة تعاني من فقدان ذاكرة مؤقت! اسمها ""دوري"" في حين يحاول الابن الخروج من حوض الأسماك الذي وضعه فيه دكتور أسنان وبمساعدة بعض الأصدقاء لنيمو في الخروج من الحوض وبالفعل ينجحو ويعود الابن لأبوه.",البحث عن نيمو
13,български език,bg,Bulgarian,"В дълбините на Големия бариерен риф свръх-грижовната риба клоун Марлин предприема дръзко пътуване, за да спаси единствения си син Немо, който е загребан от водолаз. Заедно с незабравимата си приятелка Дори, Марлин ще прекоси океан, изпълнен със запомнящи се комедийни персонажи, които ще му помогнат да открие Немо.",Търсенето на Немо
13,Català,ca,Catalan,"En Nemo és un petit peixet fill únic. Va ser capturat a la gran barrera d'esculls australiana on vivia amb el seu protector pare. Ara es troba en una petita peixera en la consulta d'un dentista de Sidney. Des de llavors el seu pare va emprendre una llarga recerca per trobar pistes que el duguin a recuperar al seu fill. En el camí se li uneix un peix de poca memòria anomenat Dory. Els dos junts han de superar nombrosos problemes. Mentre, Nemo fa una gran amistat amb els peixos que habiten dintre de la peixera i junts planegen escapar i tornar a la mar.",Buscant en Nemo
13,Český,cs,Czech,"V pestrobarevných a teplých vodách Velké útesové bariéry žije ve svém bezpečném a odlehlém příbytku ze sasanek Marlin a jeho jediný syn Nemo. Marlin se s obavami ze všech nepředvídatelných nebezpečí, které hlubiny oceánu skýtají, snaží svého syna před nástrahami okolí ochránit. Nemo je však, stejně jako všechny malé rybky, velmi zvídavý a chce tajemný útes prozkoumat. Když je pak nečekaně unesen daleko od domova a skončí v akváriu, kterým si vyzdobil ordinaci laciný zubař, ocitne se Marlin nečekaně v roli hrdiny na cestě k záchraně svého syna.",Hledá se Nemo
13,Dansk,da,Danish,"Mød Nemo, en ung og nysgerrig klovnfisk, der bliver fanget af en sportsdykker og havner i et akvarium på en tandlægeklinik i Sydney. Nu er det op til Marlin, Nemos ængstelige far, at redde ham! Han får selskab af den hjælpsomme men meget glemsomme kirurgfisk Dory, og sammen begiver de sig ud i det store og farlige ocean. Undervejs tvinges de til at passere skrækindjagende hajer, surfende hav-skildpadder, lumske gopler, sultne måger og meget mere. Samtidig udtænker Nemo og de andre fisk i akvariet en dristig flugtplan, der måske kan føre dem tilbage til havet...",Find Nemo
13,Deutsch,de,German,"Im Schutze eines großen Riffs lebt die Familie von Clownfisch Marlin relativ sicher und trotzdem werden seine Frau und nahezu alle seine Kinder Opfer eines gefräßigen Räubers. Das einzige ihm verbleibende Kind ist der kleine Nemo, der von da an besonders behütet wird. Doch die Neugier ist zu groß und prompt wird Nemo gefangen und zu den Menschen als Zierfisch gebracht. Durch ein paar Möwen erfährt Marlin alsbald, wo Nemo gelandet ist: im Aquarium eines Zahnarztes in Sydney. Mutig macht sich der Clownfisch mit seiner Freundin Dorie, die allerdings ständig an Gedächtnisverlust leidet, auf den Weg dorthin, vorbei an Haien, Quallen und anderen Gefahren. Währenddessen ist Nemo nicht untätig und plant mit den anderen Aquariumsfischen einen gewagten Ausbruch aus ihrem Gefängnis.",Findet Nemo
13,Èʋegbe,ee,Ewe,,Kalapoeg Nemo
13,ελληνικά,el,Greek,"Ο Μάρλιν και ο γιος του Νέμο, δύο τροπικά ψαράκια, ζουν σε μια ασφαλή γειτονιά του ωκεανού. Κάποια μέρα όμως, ο Νέμο ξεφεύγει από τον υπερπροστατευτικό πατέρα του και εξερευνά την απέραντη θάλασσα, καταλήγοντας... στο ενυδρείο ενός οδοντίατρου! Απελπισμένος ο Μάρλιν προσπαθεί να τον βρει, ξεκινώντας μια πραγματική οδύσσεια με δεκάδες εμπόδια και κινδύνους. Ευτυχώς γι αυτόν, στο δρόμο του θα γνωρίσει την Ντόρι, το πιο καλόκαρδο, αλλά και το πιο αφηρημένο ψάρι του πλανήτη, που θα τον πείσει ότι όλα γίνονται όπως εσύ τα θέλεις, αρκεί να το πιστεύεις πραγματικά...",Ψάχνοντας τον Νέμο
13,English,en,English,"Nemo, an adventurous young clownfish, is unexpectedly taken from his Great Barrier Reef home to a dentist's office aquarium. It's up to his worrisome father Marlin and a friendly but forgetful fish Dory to bring Nemo home -- meeting vegetarian sharks, surfer dude turtles, hypnotic jellyfish, hungry seagulls, and more along the way.",
13,Español,es,Spanish,"Nemo, un pececillo, hijo único muy querido y protegido por su padre, ha sido capturado en un arrecife australiano y ahora vive en una pecera en la oficina de un dentista de Sidney. El tímido padre de Nemo se embarcará en una peligrosa aventura para rescatar a su hijo. Pero Nemo y sus nuevos amigos tienen también un astuto plan para escapar de la pecera y volver al mar.",Buscando a Nemo
13,Español,es,Spanish,"El pececillo Nemo, que es hijo único, es muy querido y protegido por su padre. Después de ser capturado en un arrecife australiano va a parar a la pecera de la oficina de un dentista de Sidney. Su tímido padre emprenderá una peligrosa aventura para rescatarlo. Pero Nemo y sus nuevos amigos tienen también un astuto plan para escapar de la pecera y volver al mar.",Buscando a Nemo
13,Eesti,et,Estonian,"Seikluslik noor klounikala Nemo viiakse ootamatult oma Suure Vallrahu kodust hambaarsti kabineti akvaariumi. Tema muretseva isa Marlini ja sõbraliku, kuid unustava kala Dory ülesandeks on Nemo koju tuua - kohtuvad taimetoiduliste haidega, surfarikilpkonnade kilpkonnadega, hüpnootiliste meduusidega, näljaste kajakatega ja muuga.",Kalapoeg Nemo
13,فارسی,fa,Persian,یک دلقک ماهی به نام مارلین، در مورد پسرش نیمو زیادی حساس است. او پسرش را در اقیانوس گم می‌کند و در پی آن با کمک ماهی به نام دوری به جستجوی نیمو می‌پردازد. به تدریج و پس از یافتن نمو او متوجه می‌شود که نباید آنقدر مته به خشخاش بگذارد.,در جستجوی نمو
13,suomi,fi,Finnish,"Nemo, seikkailunhaluinen nuori vuokkokala vangitaan odottamatta Australian suurella valliriutalla ja viedään hammaslääkärin vastaanoton akvaarioon. Hänen huolissaan olevan isänsä Marlinin ja ystävällisen mutta hajamielisen palettivälskäri Dorin täytyy lähteä eeppiselle matkalle hakemaan hänet kotiin. Seikkailu vie heidät kasvotusten kasvissyöjähaiden, surffarikilpikonnien, hypnoottisten meduusojen ja nälkäisten lokkien kanssa. Marlin löytää rohkeutta, jota hän ei edes tiennyt olevan olemassa, mutta onnistuuko hän löytämään poikansa?",Nemoa etsimässä
13,Français,fr,French,"Dans les eaux tropicales de la Grande Barrière de corail, un poisson-clown du nom de Marin mène une existence paisible avec son fils unique, Nemo. Redoutant l'océan et ses risques imprévisibles, il fait de son mieux pour protéger son fils. Comme tous les petits poissons de son âge, celui-ci rêve pourtant d'explorer les mystérieux récifs. Lorsque Nemo disparaît, Marin devient malgré lui le héros d'une quête unique et palpitante. Le pauvre papa ignore que son rejeton à écailles a été emmené jusque dans l'aquarium d'un dentiste. Marin ne s'engagera pas seul dans l'aventure : la jolie Dory, un poisson-chirurgien bleu à la mémoire défaillante et au grand cœur, va se révéler d'une aide précieuse. Les deux poissons vont affronter d'innombrables dangers, mais l'optimisme de Dory va pousser Marin à surmonter toutes ses peurs.",Trouver Nemo
13,Français,fr,French,"Dans les eaux tropicales de la Grande Barrière de corail, un poisson‐clown du nom de Marin mène une existence paisible avec son fils unique, Nemo. Redoutant l’océan et ses risques imprévisibles, il fait de son mieux pour protéger son fils. Comme tous les petits poissons de son âge, celui‐ci rêve pourtant d’explorer les mystérieux récifs. Lorsque Nemo disparaît, Marin devient malgré lui le héros d’une quête unique et palpitante. Le pauvre papa ignore que son rejeton à écailles a été emmené jusque dans l’aquarium d’un dentiste. Marin ne s’engagera pas seul dans l’aventure : la jolie Dory, un poisson‐chirurgien bleu à la mémoire défaillante et au grand cœur, va se révéler d’une aide précieuse. Les deux poissons vont affronter d’innombrables dangers, mais l’optimisme de Dory va pousser Marin à surmonter toutes ses peurs.",Le Monde de Nemo
13,עִבְרִית,he,Hebrew,"מרלין הוא דג מודאג שאיבד את בנו, נמו ברחבי האוקיינוס. נמו מוצא עצמו באקווריום של רופא שיניים ואילו אביו יוצא למסע חיפושים מסוכן ומרתק אחר בנו בעזרתה של דורי, דגה ידידותית אך קצת שכחנית. בדרכם הם פוגשים ביצורי ים שונים ועוברים הרפתקאות שונות ומשונות.",מוצאים את נמו
13,हिन्दी,hi,Hindi,,Nimo dhumdhana
13,Hrvatski,hr,Croatian,"Ovaj animirani film studija Pixarove animacije, koji predstavlja Walt Disney Pictures, prati komičan i zanimljiv put dviju riba - preopreznog Marlina i njegovog znatiželjnog sina Nema, od kojeg se odvojio kod Velikog koraljnog grebena. U društvu Dory, druželjubive ali zaboravne ribe, Marlin kreće na opasan put te postaje junak koji spašava svoga sina...",Potraga za Nemom
13,Magyar,hu,Hungarian,"Az élet a Nagy Zátony környékén tele van veszélyekkel. Jól tudja ezt Pizsi, a kis bohóchal, s erre próbálja megtanítani egyetlen fiát, Némót is. Ám az ifjonc - ahogy az már lenni szokott - tele van kalandvággyal, és amikor eljön az idő, el kell hagynia otthonát, és elindulni az iskolába. Pizsi idegesen kíséri őt, és szorongva figyeli minden mozdulatát. Aggodalma nem is alaptalan, mert Némó, dacolva intelmeivel, túlúszik a biztonságos határon, hogy megnézzen egy hajót, és az apa tehetetlenül nézi végig, ahogy egy búvár hirtelen elragadja csemetéjét.",Némó nyomában
13,Bahasa indonesia,id,Indonesian,,
13,Íslenska,is,Icelandic,"Nemo, ævintýralegur ungur trúðfiskur, er óvænt fluttur frá Great Barrier Reef heimili sínu í fiskabúr tannlæknastofu. Það er komið að áhyggjufullum föður sínum Marlin og vinalegum en gleymskum fiski Dory að koma Nemo heim - hitta grænmetis hákörlum, ofgnótt skjaldbökur, svefnlyf Marglytta, svangar mávar og fleira á leiðinni.",Leitin að Nemo
13,Italiano,it,Italian,"Una covata di pesci pagliaccio viene distrutta dall'attacco di un feroce barracuda. Sopravvivono solamente il papà, Marlin, e un unico piccolo che viene chiamato Nemo. Il pesciolino ha una pinna atrofizzata e il padre è iperapprensivo nei suoi confronti al punto di desiderare che l'inizio della scuola venga ritardato. Un giorno però Nemo viene catturato da un dentista appassionato di pesca subacquea e l'acquario sarà la sua prigione. Marlin deve quindi vincere tutti i suoi timori per ritrovarlo. Verrà aiutato da Dory, una pesciolina simpaticamente smemorata.",Alla ricerca di Nemo
13,日本語,ja,Japanese,オーストラリア、グレートバリアリーフ。広大な海の中でカクレクマノミの400個の卵が孵化しようとしていた。しかし、無事に生まれたのは母親の命と引き換えに助かったたった1つだけ。父マーリンは、この子を“ニモ”と名付け、同じ悲劇を繰り返さないと誓い過保護なまでに大事に育てていく。そして6歳になったニモに、初めて学校へ行く日がやって来る。しかし、突然の悲劇がニモを襲う。彼は、人間のダイバーにさらわれてしまったのだ。打ちひしがれるマーリンだったが、陽気なナンヨウハギ、ドリーの助けを借りてニモを取り戻す旅へと出るのだった。,ファインディング・ニモ
13,ქართული,ka,Georgian,"ნემო, თავგადასავალი ახალგაზრდა clownfish, მოულოდნელად გადაიყვანეს მისი დიდი ბარიერი რიფის სახლიდან სტომატოლოგების ოფისის აკვარიუმში. ეს დამოკიდებულია მისი შეშფოთებული მამა მარლინზე და მეგობრული, მაგრამ დავიწყებული თევზი დორი, რათა ნემოს სახლში მიიტანოს - ვეგეტარიანული ზვიგენების შეხვედრა, სუპერ ბიძა კუ, ჰიპნოტიკური ჟელე, მშიერი ზღვისფერი და სხვა.",ნემოს ძიებაში
13,한국어/조선말,ko,Korean,"광대어 말린은 아내 코랄과 2세들의 부화를 기다리던 중 상어의 습격을 받는다. 알을 보호하려던 아내는 행방불명되고, 유일하게 살아남은 아기에게 말린은 니모라는 이름을 붙인다. 사건 이후 큰 바다를 무조건 겁내게 된 말린은 니모를 과보호한다. 하지만 니모는 등교 첫날 잠수부에게 납치돼 시드니에 있는 치과의사의 수족관에 끌려가고, 슬픔으로 혼비백산한 아빠 말린은 평소의 심약함을 잊고니모를 찾아나선다. 단기기억상실증을 지닌 명랑한 물고기 도리의 도움으로 상어, 심해어, 해파리의 위협을 뚫고 동호주 해류로 향하는 동안, 니모는 수족관의 새 친구들과 탈출을 모의한다.",니모를 찾아서
13,Lietuvių,lt,Lithuanian,"Nuostabiame povandeniniame pasaulyje, šiltuose ir spalvinguose tropikų vandenyse gyvena žuvų šeima – tėvas Merlin ir sūnelis žuviukas Nemo. Tėvas labai saugo sūnelį nuo gausybės vandenyne tykančių pavojų, žuviuką Nemo. Tačiau Nemo labai nori pažinti jį supantį pasaulį. Vieną dieną mažąjį žuviuką pavagia iš gimtųjų koralų namų. Nusiminęs tėvas Merlin, lydimas žuvytės Dory, kuri turi labai gerą širdį, bet labai blogą atmintį, leidžiasi į nuotykių kupiną kelionę per visą vandenyną ieškodamas savo sūnaus. Vandenyne jų laukia susidūrimai su daugybe pavojų – čia gyvena pikti rykliai, nuodus skleidžiančios medūzos, vėžliai, tačiau optimistė Dory įtikina Merlin, kad galų gale jiems pavyks surasti žuviuką Nemo.",Žuviukas Nemo
13,Latviešu,lv,Latvian,"Merlins ir klaunzivs, kurš plēsēju uzbrukumā zaudējis visu savu ģimeni. Vienīgais, kas viņam atlicis, ir dēls Nemo. Merlins nebeidz brīdināt dēlu par to, cik okeāns ir bīstams, taču mazais nebēdnis vēlas iepazīt pasauli. Jau savā pirmajā skolas dienā viņš nav gana piesardzīgs - Nemo tiek noķerts un ieslodzīts akvārijā. Viņa tētis kopā ar savu jauno, izklaidīgo draudzeni Doriju ir gatavs šķērsot visu okeānu, lai tikai atrastu savu dēlēnu.",Meklējot Nemo
13,Bokmål,nb,Norwegian Bokmål,,
13,Nederlands,nl,Dutch,"De clownvis Marlin leidt samen met zijn enige zoon Nemo een veilig leventje in het Great Barrier Reef bij Australië. Wanneer Nemo onverwachts weggehaald wordt van zijn thuis, en in het aquarium van een tandarts belandt, is het aan Marlin om hem te redden.",
13,Norsk,no,Norwegian,"Oppdrag Nemo er et fartsfylt og spennende undervannseventyr fra de Oscar-belønnede skaperne av Toy Story og Monsterbedriften. Trekk pusten og bli med til de tropiske farvannene utenfor Great Barrier Reef!  Møt unge Nemo, en nysgjerrig klovnefisk som blir fanget av dykkere og havner i et akvarium hos en tannlege i Sydney. Nå er det opp til Marlin, Nemos pappa, å redde ham! Marlin får selskap på reisen av Dory, en palettkirurgfisk med den dårligste hukommelsen og det største hjerte i hele havet. På reisen truer farer som gale haier, surfende skilpadder, lumske brennmaneter, skrubbsultne fugler og mye, mye mer. Samtidig prøver Nemo og de andre fiskene i akvariet å pønske ut en fluktplan. En plan som vil bringe dem tilbake til havet hvor de hører hjemme …",Oppdrag Nemo
13,Polski,pl,Polish,"Wielką Rafę Koralową zamieszkują kolorowe rybki zwane błazenkami. Jedną z nich o imieniu Marlin spotyka tragedia. Drapieżna ryba pożera mu żonę - Coral i prawie wszystkie jajeczka ikry, z których miały młode błazenki. Ocalał jedynie jeden mały błazenek o imieniu Nemo, który staje się oczkiem w głowie Marlina. Gdy jednak nadopiekuńczy ojciec postanawia wysyłać go do szkoły, zdarza się kolejne nieszczęście: mały błazenek zostaje wyłowiony z oceanu przez nurka i trafia do akwarium w gabinecie dentystycznym w Sydney. Merlin, który boi się głębi oceanu, postanawia wyruszyć na ratunek synkowi. W jego wyprawie towarzyszy mu inna rybka - Dora, która jest straszliwą zapominalską.",Gdzie jest Nemo
13,Português,pt,Portuguese,"Depois que seu filho é capturado na Grande Barreira de Corais e levado para Sydney, um peixe-palhaço tímido parte em uma jornada para trazê-lo para casa.",Procurando Nemo
13,Português,pt,Portuguese,"A meio de uma discussão entre pai e filho, os peixes-palhaço Marlin e Nemo são surpresos e separados por uma parede de recife. Marlin, com a ajuda de outro peixe, a adorável e esquecida Dory, embarca numa ""odisseia"" à procura do filho.",À Procura de Nemo
13,Română,ro,Romanian,"O aventură subacvatică în care este urmărită călătoria amuzantă și plină de aventuri a doi pești - Marlin și fiul său, Nemo - care vor fi separați la Marea Barieră de Corali. Nemo este luat pe neașteptate din ocean și ajunge în acvariul unui dentist din Portul Sydney. Împreună cu un prieten de nădejde, dar care suferă de pierderea memoriei pe termen scurt, pe nume Dory, tatăl lui Nemo pornește într-o palpitantă aventură pentru a-și găsi fiul pierdut.",În căutarea lui Nemo
13,Pусский,ru,Russian,"Среди прекрасных тропических морских стихий, в районе Большого барьерного рифа в уединении живет рыба-клоун по имени Марлин. Он растит своего единственного сыночка Немо. Океан и существующие в нем опасности очень страшат Марлина, и он как может ограждает сына от них, но молодой Немо, страдающий излишним любопытством, очень хочет разузнать побольше о таинственном рифе, рядом с которым они живут. Когда Немо по иронии судьбы оказывается вдалеке от дома, да и еще сталкивается с угрозой стать обедом рыбы-танка, Марлин отправляется на поиски сына. Но Марлин, конечно же, понимает, что героический спасатель из него не получится и просит о помощи в поисках, Дори, королевскую синюю рыбу, которая хоть и страдает от того, что почти ничего не помнит, но добрее ее не отыскать во всем безбрежном океане! Итак, наши герои отправляются в путешествие, в котором их подкарауливают многочисленные трудности и опасности...",В поисках Немо
13,Slovenčina,sk,Slovak,"Napriek zákazu svojho otca Nemo hneď prvý deň v škole opúšťa bezpečie korálového útesu a vydáva sa do hlbokej vody, aby kamarátom dokázal svoju odvahu. Nanešťastie ho odchytí športový potápač a Nemo skončí v akváriu v prístavnej zubnej ordinácii v Sydney. Jeho nešťastný otec s pomocou modrej korálovej rybky Dory, trpiacej stratou krátkodobej pamäti, vypláva na jeho záchranu. Cestou čelia mnohým nebezpečenstvám a stretajú najrozličnejších obyvateľov morských hlbín. Medzitým Nemo spolu s ostatnými obyvateľmi akvária – pračudesnou partiou morských tvorov – pripravuje plán úteku späť do mora.",Hľadá sa Nemo
13,Slovenščina,sl,Slovenian,"Nemo, avanturističnega mladega klovna, je nepričakovano odpeljal iz svojega doma v Veliki Barrier Reef v akvarij zobozdravniške ordinacije. Od zaskrbljenega očeta Marlina in prijazne, a pozabljive ribe Dory bo odpeljal Nemo doma - srečanje z vegetarijanskimi morskimi psi, surferskimi dutnjami, hipnotičnimi meduzami, lačnimi galebi in drugo.",Reševanje malega Nema
13,Srpski,sr,Serbian,"„У потрази за Немом“ нас води у забавни свет морских животиња у коме је рибица звана Немо (Марко Перић) ухваћена од стране рониоца и однесена у Сиднеј. Немов тата, Марлин (Бранислав Платиша), тада креће у дугу и тешку потрагу за својим сином, при чему упознаје многе забавне ликове, укључујучи и заборавну Дори (Аница Добра), који ће му помоћи на овом тешком путу!",У потрази за Немом
13,svenska,sv,Swedish,"Möt Nemo, en ung och nyfiken clownfisk som fångas av en sportdykare och hamnar i ett akvarium på en tandläkarmottagning i Sydney. Nu är det upp till Marvin, Nemos ängslige pappa att rädda honom! Han får sällskap av den hjälpsamma men väldigt glömska fisken Doris och tillsammans ger de sig ut i det stora farliga havet. Längs vägen tvingas de ta sig förbi skräckinjagande hajar, surfande sköldpaddor, lömska brännmaneter, hungriga fiskmåsar och mycket mer.",Hitta Nemo
13,ภาษาไทย,th,Thai,การใช้ชีวิตอยู่ในแนวโขดหินประการังใต้ทะเลลึกนั้น ช่างเป็นสิ่งที่เต็มไปด้วยอันตรายสำหรับเหล่าปลาการ์ตูนตัวน้อยๆ จึงไม่แปลกที่ มาร์ลิน ปลาการ์ตูนพ่อม่าย จะต้องทุ่มเทแรงกายแรงใจเต็มที่ในการปกป้อง นีโม ลูกชายตัวเดียวของเขาให้ได้ แม้ใจเขาจะมีทั้งความกลัวและความกังวลประดังถาโถมเข้ามา และแล้ว เวลาที่นีโมจะต้องออกจากบ้านอันแสนปลอดภัยของเขาก็มาถึง ในวันแรกของการไปโรงเรียน มาร์ลินเป็นห่วงมากจึงไปส่งลูกชายเอง ด้วยนิสัยที่วิตกกังวลเกินเหตุไปกับทุกการเคลื่อนไหวของลูก จนนีโมรู้สึกว่าพ่อเริ่มเว่อร์ไปหน่อย เจ้าหนูจึงท้าทายพ่อด้วยการทำซนว่ายผ่านแนวหินเพื่อเข้าไปสำรวจเรือลำหนึ่ง แต่แล้วเรื่องคาดไม่ถึงก็เกิดขึ้น เมื่อนักดำน้ำโผล่เข้ามารวบร่างของนีโมหายไปต่อหน้าต่อตามาร์ลิน ซึ่งไม่อาจช่วยอะไรได้ทัน! หัวใจที่หล่นวูบทำให้มาร์ลินว่ายพรวดออกตามหาลูกชายอย่างบ้าคลั่ง และเมื่อผ่านไปถึงหน้าโรงเรียนปลา เขาก็กระโจนเข้าขอความช่วยเหลือจาก โดรี่ ปลาขี้ตังเบ็ดฟ้า ซึ่งยินดีให้ความช่วยเหลือเต็มที่,นีโม ปลาเล็กหัวใจโต๊...โต
13,Türkçe,tr,Turkish,"Dünyaya gelir gelmez annesini kaybeden Nemo babası tarafından büyütülmektedir. Artık İlkokul çağına geldiğinde babasının ilgisinden sıkılmaya başlar. Bir süzgeci küçük olduğu için babası Okyanusta yüzmeyi Nemo' ya yasaklamıştır.Bir gün Nemo, Okyanusta yüzebileceğini ve o sırada yüzeyde duran cisme dokunabileceğini iddaa eder ve kendini bir anda bir insanın ellerinde bulur. Oğlunun insanlar tarafından yakalanıp götürüldüğünü gören babası, çok kararlıdır ne olursa olsun Nemo' yu bulacak ve eve geri gecektir. Fakat Okyanus sandığından çok daha tehlikelidir.",Kayıp Balık Nemo
13,Український,uk,Ukrainian,"Після нападу хижої риби, Марлін втратив дружину і безліч ікринок, із яких згодом повинні були вирости його діти. У нього залишився лише один синочок - і сьогодні, через багато років, Немо вперше йде до школи. Але будучи вельми неслухняною дитиною, він запливає занадто далеко, в заборонену для маленьких риб територію ...",У пошуках Немо
13,ozbek,uz,Uzbek,,Nemoni izlab
13,Tiếng Việt,vi,Vietnamese,"Nemo, một chú cá hề trẻ thích phiêu lưu, bất ngờ được đưa từ nhà Great Barrier Reef của mình đến một bể cá văn phòng của nha sĩ. Cha Marlin lo lắng và một chú cá thân thiện nhưng hay quên Dory mang Nemo về nhà - gặp gỡ cá mập ăn chay, lướt rùa rùa, sứa thôi miên, hải âu đói, và nhiều thứ khác trên đường đi.",Đi Tìm Nemo
13,普通话,zh,Mandarin,　　主角是一对可爱的小丑鱼(Clownfish)父子。父亲玛林和儿子尼莫一直在澳洲外海大堡礁中过着安定而幸福的平静生活。鱼爸爸玛林一直谨小慎微，行事缩手缩脚，虽然已经身为人父，却丝毫不会影响它成为远近闻名的胆小鬼。也正因为这一点，儿子尼莫常常与玛林发生争执，甚至有那么一点瞧不起自己的父亲。直到有一天，一直向往到海洋中冒险的尼莫，游出了他们所居住的珊瑚礁。正当尼莫想要舒展一下小尾巴的时候，一艘渔船毫不留情地将欢天喜地的尼莫捕走，并将它辗转卖到澳洲悉尼湾内的一家牙医诊所。在大堡礁的海底，心爱的儿子突然生死未卜的消息，对于鱼爸爸玛林来说却无异于晴天霹雳。尽管胆小尽管怕事，现在为了救回心爱的孩子，玛林也就只有豁出去了。它决心跟上澳洲洋流，踏上寻找自己儿子的漫漫征程。,海底总动员
13,普通话,zh,Mandarin,小丑魚Mo仔被人捉走了！一向膽小怕事的爸爸馬倫侷住沖出家園千里尋子，幸而遇上失魂魚多莉結伴同行互相照應。兩條魚仔玩轉大海，穿梭於鯊魚黨、水母陣、沖浪海龜和各有奇招的海底奇兵之中，尋親途上驚險百出，卻無阻馬倫與Mo仔父子重逢的決心！,海底奇兵
13,普通话,zh,Mandarin,小丑魚馬林（Marlin）與配偶珊瑚（Coral）於大堡礁建立了家園，但一場梭子魚的攻擊使馬林失去了珊瑚與大部分卵子。馬林以珊瑚喜愛的名字尼莫（Nemo）為碩果僅存的卵子命名。  尼莫的右鰭因在卵子時期中遭受攻擊而變得較小，對其游泳能力造成影響。馬林對兒子的過度保護使尼莫在上學首天感到不滿，賭氣游出了珊瑚礁並被一位潛水員捕捉帶走，該潛水員與同伴乘船離開時意外把其蛙鏡撞進了海中。,海底總動員
