name,character,year,movie_tv_id,movie_tv_name,type,department,order,actor_id,created_at,updated_at
Penny Singleton,Blondie,1938,1,Blondie,movie,Acting,0,34178,2022-09-03 16:34:14,2022-09-03 16:34:14
Arthur Lake,Dagwood,1938,1,Blondie,movie,Acting,1,34179,2022-09-03 16:34:14,2022-09-03 16:34:14
Larry Simms,Baby Dumpling,1938,1,Blondie,movie,Acting,2,30223,2022-09-03 16:34:14,2022-09-03 16:34:14
Daisy,Daisy,1938,1,Blondie,movie,Acting,3,34214,2022-09-03 16:34:14,2022-09-03 16:34:14
Ann Doran,Elsie Hazlip,1938,1,Blondie,movie,Acting,4,2772,2022-09-03 16:34:14,2022-09-03 16:34:14
Dorothy Moore,Dorothy,1938,1,Blondie,movie,Acting,5,34183,2022-09-03 16:34:14,2022-09-03 16:34:14
Gene Lockhart,C.P. Hazlip,1938,1,Blondie,movie,Acting,6,30234,2022-09-03 16:34:14,2022-09-03 16:34:14
Jonathan Hale,Mr. Dithers,1938,1,Blondie,movie,Acting,7,12502,2022-09-03 16:34:14,2022-09-03 16:34:14
Gordon Oliver,Chester Franey,1938,1,Blondie,movie,Acting,8,34180,2022-09-03 16:34:14,2022-09-03 16:34:14
Danny Mummert,Alvin,1938,1,Blondie,movie,Acting,9,34181,2022-09-03 16:34:14,2022-09-03 16:34:14
Kathleen Lockhart,Mrs. Miller,1938,1,Blondie,movie,Acting,10,34182,2022-09-03 16:34:14,2022-09-03 16:34:14
Willie Best,Porter,1938,1,Blondie,movie,Acting,11,34185,2022-09-03 16:34:14,2022-09-03 16:34:14
Ian Wolfe,Judge,1938,1,Blondie,movie,Acting,12,2782,2022-09-03 16:34:14,2022-09-03 16:34:14
Eugene Anderson Jr,Newsboy (uncredited),1938,1,Blondie,movie,Acting,13,1292673,2022-09-03 16:34:14,2022-09-03 16:34:14
Stanley Andrews,Mr. Hicks (uncredited),1938,1,Blondie,movie,Acting,14,34505,2022-09-03 16:34:14,2022-09-03 16:34:14
Hooper Atchley,Man on Bus (uncredited),1938,1,Blondie,movie,Acting,15,121097,2022-09-03 16:34:14,2022-09-03 16:34:14
Stanley Brown,S.W. Carey Salesman (uncredited),1938,1,Blondie,movie,Acting,16,34241,2022-09-03 16:34:14,2022-09-03 16:34:14
Mary Jane Carey,Mary (uncredited),1938,1,Blondie,movie,Acting,17,1173491,2022-09-03 16:34:14,2022-09-03 16:34:14
Dick Curtis,Daily Gazette Reporter (uncredited),1938,1,Blondie,movie,Acting,18,153638,2022-09-03 16:34:14,2022-09-03 16:34:14
Edgar Dearing,Policeman at Hotel (uncredited),1938,1,Blondie,movie,Acting,19,1240252,2022-09-03 16:34:14,2022-09-03 16:34:14
Richard Fiske,Nelson (uncredited),1938,1,Blondie,movie,Acting,20,34243,2022-09-03 16:34:14,2022-09-03 16:34:14
James Flavin,Policeman in Accident Car (uncredited),1938,1,Blondie,movie,Acting,21,3262,2022-09-03 16:34:14,2022-09-03 16:34:14
Fay Helm,Mrs. Fuddle (uncredited),1938,1,Blondie,movie,Acting,22,34184,2022-09-03 16:34:14,2022-09-03 16:34:14
George Humbert,Pie Salesman (uncredited),1938,1,Blondie,movie,Acting,23,106091,2022-09-03 16:34:14,2022-09-03 16:34:14
Bud Jamison,Repossessor (uncredited),1938,1,Blondie,movie,Acting,24,89615,2022-09-03 16:34:14,2022-09-03 16:34:14
Charles Lane,Furniture Salesman (uncredited),1938,1,Blondie,movie,Acting,25,29579,2022-09-03 16:34:14,2022-09-03 16:34:14
Harold Minjir,Mr. Phillips (uncredited),1938,1,Blondie,movie,Acting,26,1005423,2022-09-03 16:34:14,2022-09-03 16:34:14
David Newell,First Draftsman (uncredited),1938,1,Blondie,movie,Acting,27,942165,2022-09-03 16:34:14,2022-09-03 16:34:14
Emory Parnell,Police Desk Sergeant (uncredited),1938,1,Blondie,movie,Acting,28,124875,2022-09-03 16:34:14,2022-09-03 16:34:14
John Rand,Gardener (uncredited),1938,1,Blondie,movie,Acting,29,21310,2022-09-03 16:34:14,2022-09-03 16:34:14
Bruce Sidney,Detective at Hotel (uncredited),1938,1,Blondie,movie,Acting,30,1420879,2022-09-03 16:34:14,2022-09-03 16:34:14
Walter Soderling,Mr. Morgan (uncredited),1938,1,Blondie,movie,Acting,31,34270,2022-09-03 16:34:14,2022-09-03 16:34:14
Larry Steers,Assistant Hotel Clerk (uncredited),1938,1,Blondie,movie,Acting,32,135827,2022-09-03 16:34:14,2022-09-03 16:34:14
Josephine Whittell,Woman Seeing Optometrist (uncredited),1938,1,Blondie,movie,Acting,33,99376,2022-09-03 16:34:14,2022-09-03 16:34:14
Irving Bacon,Mr. Beazley (uncredited),1938,1,Blondie,movie,Acting,34,30530,2022-09-03 16:34:14,2022-09-03 16:34:14
Harry Liedtke,Peter Voss,1921,2,Der Mann ohne Namen,movie,Acting,0,48038,2022-09-03 16:34:14,2022-09-03 16:34:14
Georg Alexander,Bobby Dodd,1921,2,Der Mann ohne Namen,movie,Acting,1,28126,2022-09-03 16:34:14,2022-09-03 16:34:14
Mady Christians,Gert Nissen,1921,2,Der Mann ohne Namen,movie,Acting,2,14357,2022-09-03 16:34:14,2022-09-03 16:34:14
Jakob Tiedtke,Frederik Nissen,1921,2,Der Mann ohne Namen,movie,Acting,3,14131,2022-09-03 16:34:14,2022-09-03 16:34:14
Jean-Pierre Léaud,"Antoine Doinel (segment ""Antoine et Colette"")",1962,3,L'amour à vingt ans,movie,Acting,0,1653,2022-09-03 16:34:14,2022-09-03 16:34:14
Marie-France Pisier,"Colette (segment ""Antoine et Colette"")",1962,3,L'amour à vingt ans,movie,Acting,1,3536,2022-09-03 16:34:14,2022-09-03 16:34:14
Patrick Auffay,"René (segment ""Antoine et Colette"")",1962,3,L'amour à vingt ans,movie,Acting,2,1659,2022-09-03 16:34:14,2022-09-03 16:34:14
Rosy Varte,"La mère de Colette (segment ""Antoine et Colette"")",1962,3,L'amour à vingt ans,movie,Acting,3,3537,2022-09-03 16:34:14,2022-09-03 16:34:14
François Darbon,"Le beau-père de Colette (segment ""Antoine et Colette"")",1962,3,L'amour à vingt ans,movie,Acting,4,3518,2022-09-03 16:34:14,2022-09-03 16:34:14
Jean-François Adam,"Albert Tazzi (segment ""Antoine et Colette"")",1962,3,L'amour à vingt ans,movie,Acting,5,3538,2022-09-03 16:34:14,2022-09-03 16:34:14
Pierre Schaeffer,"Himself (segment ""Antoine et Colette"")",1962,3,L'amour à vingt ans,movie,Sound,6,1003228,2022-09-03 16:34:14,2022-09-03 16:34:14
Cristina Gaïoni,Christina,1962,3,L'amour à vingt ans,movie,Acting,7,237623,2022-09-03 16:34:14,2022-09-03 16:34:14
Geronimo Meynier,Leonardo,1962,3,L'amour à vingt ans,movie,Acting,8,1003229,2022-09-03 16:34:14,2022-09-03 16:34:14
Eleonora Rossi Drago,Valentina,1962,3,L'amour à vingt ans,movie,Acting,9,25789,2022-09-03 16:34:14,2022-09-03 16:34:14
Nami Tamura,Fukimo,1962,3,L'amour à vingt ans,movie,Acting,10,1003230,2022-09-03 16:34:14,2022-09-03 16:34:14
Koji Furuhata,Hiroshi,1962,3,L'amour à vingt ans,movie,Acting,11,30906,2022-09-03 16:34:14,2022-09-03 16:34:14
Barbara Frey,Ursula,1962,3,L'amour à vingt ans,movie,Acting,12,37781,2022-09-03 16:34:14,2022-09-03 16:34:14
Christian Doermer,Tonio,1962,3,L'amour à vingt ans,movie,Acting,13,32934,2022-09-03 16:34:14,2022-09-03 16:34:14
Vera Tschechowa,,1962,3,L'amour à vingt ans,movie,Acting,14,51406,2022-09-03 16:34:14,2022-09-03 16:34:14
Werner Finck,,1962,3,L'amour à vingt ans,movie,Acting,15,39044,2022-09-03 16:34:14,2022-09-03 16:34:14
Barbara Lass,"Basia (segment ""Warszawa"")",1962,3,L'amour à vingt ans,movie,Acting,16,10623,2022-09-03 16:34:14,2022-09-03 16:34:14
Zbigniew Cybulski,"Zbyszek (segment ""Warszawa"")",1962,3,L'amour à vingt ans,movie,Acting,17,40914,2022-09-03 16:34:14,2022-09-03 16:34:14
Władysław Kowalski,"Wladek (segment ""Warszawa"")",1962,3,L'amour à vingt ans,movie,Acting,18,17889,2022-09-03 16:34:14,2022-09-03 16:34:14
Damian Damięcki,"(segment ""Warszawa"")",1962,3,L'amour à vingt ans,movie,Acting,19,146878,2022-09-03 16:34:14,2022-09-03 16:34:14
Jan Englert,"Kelega Basi (segment ""Warszawa"")",1962,3,L'amour à vingt ans,movie,Acting,20,107633,2022-09-03 16:34:14,2022-09-03 16:34:14
Marian Opania,"Misiek (segment ""Warszawa"")",1962,3,L'amour à vingt ans,movie,Acting,21,2825,2022-09-03 16:34:14,2022-09-03 16:34:14
Barbara Sołtysik,"Kolezanka Basi (segment ""Warszawa"")",1962,3,L'amour à vingt ans,movie,Acting,22,1191254,2022-09-03 16:34:14,2022-09-03 16:34:14
Jolanta Wołłejko,"Kolezanka Basi (segment ""Warszawa"")",1962,3,L'amour à vingt ans,movie,Acting,23,1157939,2022-09-03 16:34:14,2022-09-03 16:34:14
Catherine-Isabelle Duport,Young Girl at Concert (uncredited),1962,3,L'amour à vingt ans,movie,Acting,24,39068,2022-09-03 16:34:14,2022-09-03 16:34:14
Darren Berrecloth,Darren Berrecloth,2008,4,New World Disorder 9: Never Enough,movie,Acting,0,84130,2022-09-03 16:34:14,2022-09-03 16:34:14
Cameron McCaul,Cameron McCaul,2008,4,New World Disorder 9: Never Enough,movie,Acting,1,84143,2022-09-03 16:34:14,2022-09-03 16:34:14
Paul Basagoitia,Paul Basagoitia,2008,4,New World Disorder 9: Never Enough,movie,Acting,2,112801,2022-09-03 16:34:14,2022-09-03 16:34:14
Brandon Semenuk,Brandon Semenuk,2008,4,New World Disorder 9: Never Enough,movie,Acting,3,112818,2022-09-03 16:34:14,2022-09-03 16:34:14
Alex Pro,Alex Pro,2008,4,New World Disorder 9: Never Enough,movie,Acting,4,115965,2022-09-03 16:34:14,2022-09-03 16:34:14
Andreu Lacondeguy,Andreu Lacondeguy,2008,4,New World Disorder 9: Never Enough,movie,Acting,5,112793,2022-09-03 16:34:14,2022-09-03 16:34:14
Wayne Goss,Wayne Goss,2008,4,New World Disorder 9: Never Enough,movie,Acting,6,112794,2022-09-03 16:34:14,2022-09-03 16:34:14
Ben Boyko,Ben Boyko,2008,4,New World Disorder 9: Never Enough,movie,Acting,7,112798,2022-09-03 16:34:14,2022-09-03 16:34:14
Turo Pajala,Taisto Kasurinen,1988,6,Ariel,movie,Acting,0,54768,2022-09-03 16:34:14,2022-09-03 16:34:14
Susanna Haavisto,Irmeli Pihlaja,1988,6,Ariel,movie,Acting,1,54769,2022-09-03 16:34:14,2022-09-03 16:34:14
Matti Pellonpää,Mikkonen,1988,6,Ariel,movie,Acting,2,4826,2022-09-03 16:34:14,2022-09-03 16:34:14
Eetu Hilkamo,Riku,1988,6,Ariel,movie,Acting,3,54770,2022-09-03 16:34:14,2022-09-03 16:34:14
Erkki Pajala,Miner,1988,6,Ariel,movie,Acting,4,1177496,2022-09-03 16:34:14,2022-09-03 16:34:14
Matti Jaaranen,Mugger,1988,6,Ariel,movie,Acting,5,2493350,2022-09-03 16:34:14,2022-09-03 16:34:14
Hannu Viholainen,Accomplice,1988,6,Ariel,movie,Acting,6,2509142,2022-09-03 16:34:14,2022-09-03 16:34:14
Jorma Markkula,Tallyman,1988,6,Ariel,movie,Acting,7,110757,2022-09-03 16:34:14,2022-09-03 16:34:14
Tarja Keinänen,Woman in Harbour,1988,6,Ariel,movie,Acting,8,1034494,2022-09-03 16:34:14,2022-09-03 16:34:14
Eino Kuusela,Man on Beach,1988,6,Ariel,movie,Acting,9,2509144,2022-09-03 16:34:14,2022-09-03 16:34:14
Kauko Laalo,Night Hostel Manager,1988,6,Ariel,movie,Acting,10,1207858,2022-09-03 16:34:14,2022-09-03 16:34:14
Jyrki Olsonen,Man in Night Hostel,1988,6,Ariel,movie,Acting,11,2509145,2022-09-03 16:34:14,2022-09-03 16:34:14
Esko Nikkari,Car Dealer,1988,6,Ariel,movie,Acting,12,53508,2022-09-03 16:34:14,2022-09-03 16:34:14
Marja Packalén,Judge,1988,6,Ariel,movie,Acting,13,53512,2022-09-03 16:34:14,2022-09-03 16:34:14
Mikko Remes,Prison Doctor,1988,6,Ariel,movie,Acting,14,2509146,2022-09-03 16:34:14,2022-09-03 16:34:14
Tomi Salmela,Guard,1988,6,Ariel,movie,Acting,15,4829,2022-09-03 16:34:14,2022-09-03 16:34:14
Reijo Marin,Guard,1988,6,Ariel,movie,Acting,16,2509147,2022-09-03 16:34:14,2022-09-03 16:34:14
Heikki Salomaa,Guard,1988,6,Ariel,movie,Acting,17,2509149,2022-09-03 16:34:14,2022-09-03 16:34:14
Veikko Uusimäki,Mayor,1988,6,Ariel,movie,Acting,18,1207842,2022-09-03 16:34:14,2022-09-03 16:34:14
Esko Salminen,Crook,1988,6,Ariel,movie,Acting,19,56273,2022-09-03 16:34:14,2022-09-03 16:34:14
Hannu Kivisalo,Doorman,1988,6,Ariel,movie,Acting,20,2509151,2022-09-03 16:34:14,2022-09-03 16:34:14
Pekka Wilen,Skipper,1988,6,Ariel,movie,Acting,21,2509152,2022-09-03 16:34:14,2022-09-03 16:34:14
Juuso Hirvikangas,Man in Harbour (uncredited),1988,6,Ariel,movie,Acting,22,110756,2022-09-03 16:34:14,2022-09-03 16:34:14
Heikki Anttila,Man in Harbour (uncredited),1988,6,Ariel,movie,Acting,23,3416563,2022-09-03 16:34:14,2022-09-03 16:34:14
Jaakko Talaskivi,Cook (uncredited),1988,6,Ariel,movie,Acting,24,4831,2022-09-03 16:34:14,2022-09-03 16:34:14
Jouko Lumme,Cook (uncredited),1988,6,Ariel,movie,Sound,25,16772,2022-09-03 16:34:14,2022-09-03 16:34:14
Sirkka Rautiainen,Woman Watching TV (uncredited),1988,6,Ariel,movie,Production,26,1416993,2022-09-03 16:34:14,2022-09-03 16:34:14
Markku Rantala,Man in Tunnel (uncredited),1988,6,Ariel,movie,Acting,27,3480732,2022-09-03 16:34:14,2022-09-03 16:34:14
Mikko Lyytikäinen,Court Member (uncredited),1988,6,Ariel,movie,Acting,28,2289558,2022-09-03 16:34:14,2022-09-03 16:34:14
Timo Toikka,Man in Courtroom (uncredited),1988,6,Ariel,movie,Acting,29,1948071,2022-09-03 16:34:14,2022-09-03 16:34:14
Hanna Jokinen,Woman in Courtroom (uncredited),1988,6,Ariel,movie,Acting,30,1207853,2022-09-03 16:34:14,2022-09-03 16:34:14
Timo Harakka,Man in Courtroom (uncredited),1988,6,Ariel,movie,Writing,31,2868528,2022-09-03 16:34:14,2022-09-03 16:34:14
Sami Lanki,Man in Courtroom (uncredited),1988,6,Ariel,movie,Acting,32,999634,2022-09-03 16:34:14,2022-09-03 16:34:14
Kari Helaseppä,Man in Courtroom (uncredited),1988,6,Ariel,movie,Acting,33,3083060,2022-09-03 16:34:14,2022-09-03 16:34:14
Timo Markko,Prisoner (uncredited),1988,6,Ariel,movie,Camera,34,1750241,2022-09-03 16:34:14,2022-09-03 16:34:14
Olli Varja,Prisoner (uncredited),1988,6,Ariel,movie,Lighting,35,1381113,2022-09-03 16:34:14,2022-09-03 16:34:14
Sakari Kuosmanen,Doorman (voice) (uncredited),1988,6,Ariel,movie,Acting,36,4828,2022-09-03 16:34:14,2022-09-03 16:34:14
Pentti Auer,Skipper (voice) (uncredited),1988,6,Ariel,movie,Acting,37,110763,2022-09-03 16:34:14,2022-09-03 16:34:14
Matti Pellonpää,Nikander,1986,7,Varjoja paratiisissa,movie,Acting,0,4826,2022-09-03 16:34:14,2022-09-03 16:34:14
Kati Outinen,Ilona Rajamäki,1986,7,Varjoja paratiisissa,movie,Acting,1,5999,2022-09-03 16:34:14,2022-09-03 16:34:14
Sakari Kuosmanen,Melartin,1986,7,Varjoja paratiisissa,movie,Acting,2,4828,2022-09-03 16:34:14,2022-09-03 16:34:14
Esko Nikkari,Nikander's Co-Worker,1986,7,Varjoja paratiisissa,movie,Acting,3,53508,2022-09-03 16:34:14,2022-09-03 16:34:14
Kylli Köngäs,Ilona's Friend,1986,7,Varjoja paratiisissa,movie,Acting,4,1086499,2022-09-03 16:34:14,2022-09-03 16:34:14
Pekka Laiho,Store Manager,1986,7,Varjoja paratiisissa,movie,Acting,5,222320,2022-09-03 16:34:14,2022-09-03 16:34:14
Jukka-Pekka Palo,Third Man,1986,7,Varjoja paratiisissa,movie,Acting,6,1086500,2022-09-03 16:34:14,2022-09-03 16:34:14
Svante Korkiakoski,Police Officer,1986,7,Varjoja paratiisissa,movie,Acting,7,2307211,2022-09-03 16:34:14,2022-09-03 16:34:14
Mari Rantasila,Nikander's Sister,1986,7,Varjoja paratiisissa,movie,Acting,8,148389,2022-09-03 16:34:14,2022-09-03 16:34:14
Safka Pekkonen,Pianist,1986,7,Varjoja paratiisissa,movie,Acting,9,1761924,2022-09-03 16:34:14,2022-09-03 16:34:14
Antti Ortamo,Pianist,1986,7,Varjoja paratiisissa,movie,Sound,10,2651471,2022-09-03 16:34:14,2022-09-03 16:34:14
Mato Valtonen,Pelle,1986,7,Varjoja paratiisissa,movie,Acting,11,106172,2022-09-03 16:34:14,2022-09-03 16:34:14
Sakke Järvenpää,Staffan,1986,7,Varjoja paratiisissa,movie,Acting,12,69552,2022-09-03 16:34:14,2022-09-03 16:34:14
Ulla Kuosmanen,Melartin's Wife,1986,7,Varjoja paratiisissa,movie,Acting,13,2651474,2022-09-03 16:34:14,2022-09-03 16:34:14
Neka Haapanen,Cook,1986,7,Varjoja paratiisissa,movie,Acting,14,1294421,2022-09-03 16:34:14,2022-09-03 16:34:14
Pentti Koski,Singer,1986,7,Varjoja paratiisissa,movie,Acting,15,2651478,2022-09-03 16:34:14,2022-09-03 16:34:14
Ari Korhonen,Man in Restaurant,1986,7,Varjoja paratiisissa,movie,Acting,16,2651481,2022-09-03 16:34:14,2022-09-03 16:34:14
Teuvo Rissanen,Police Officer,1986,7,Varjoja paratiisissa,movie,Acting,17,2651483,2022-09-03 16:34:14,2022-09-03 16:34:14
Erkki Rissanen,Porter,1986,7,Varjoja paratiisissa,movie,Acting,18,2651486,2022-09-03 16:34:14,2022-09-03 16:34:14
Sirkka Silin,Woman in Restaurant,1986,7,Varjoja paratiisissa,movie,Acting,19,2651487,2022-09-03 16:34:14,2022-09-03 16:34:14
Marina Martinoff,Hostess,1986,7,Varjoja paratiisissa,movie,Acting,20,2651488,2022-09-03 16:34:14,2022-09-03 16:34:14
Jussi Tiitinen,Garbage Man / Bartender,1986,7,Varjoja paratiisissa,movie,Acting,21,2651489,2022-09-03 16:34:14,2022-09-03 16:34:14
Riikka Kuosmanen,Melartin's Daughter,1986,7,Varjoja paratiisissa,movie,Acting,22,2651491,2022-09-03 16:34:14,2022-09-03 16:34:14
Eskil Mansikka,Keyboardist (uncredited),1986,7,Varjoja paratiisissa,movie,Acting,23,3457313,2022-09-03 16:34:14,2022-09-03 16:34:14
Jaakko Talaskivi,Guard (uncredited),1986,7,Varjoja paratiisissa,movie,Acting,24,4831,2022-09-03 16:34:14,2022-09-03 16:34:14
Haije Alanoja,Woman in Restaurant (uncredited),1986,7,Varjoja paratiisissa,movie,Production,25,2159274,2022-09-03 16:34:14,2022-09-03 16:34:14
Bertta Pellonpää,Bingo Player (uncredited),1986,7,Varjoja paratiisissa,movie,Acting,26,3479164,2022-09-03 16:34:14,2022-09-03 16:34:14
Helmeri Pellonpää,Bingo Player (uncredited),1986,7,Varjoja paratiisissa,movie,Acting,27,2651545,2022-09-03 16:34:14,2022-09-03 16:34:14
Marja-Leena Hukkanen,Woman in Restaurant (uncredited),1986,7,Varjoja paratiisissa,movie,Camera,28,1303969,2022-09-03 16:34:14,2022-09-03 16:34:14
Aki Kaurismäki,Hotel Receptionist (uncredited),1986,7,Varjoja paratiisissa,movie,Directing,29,16767,2022-09-03 16:34:14,2022-09-03 16:34:14
Olli Varja,Customer (uncredited),1986,7,Varjoja paratiisissa,movie,Lighting,30,1381113,2022-09-03 16:34:14,2022-09-03 16:34:14
Tanja Talaskivi,Woman in Cinema (uncredited),1986,7,Varjoja paratiisissa,movie,Acting,31,3477088,2022-09-03 16:34:14,2022-09-03 16:34:14
Jukka Mäkinen,Garbage Man (uncredited),1986,7,Varjoja paratiisissa,movie,Directing,32,1912097,2022-09-03 16:34:14,2022-09-03 16:34:14
Tim Roth,Ted the Bellhop,1995,8,Four Rooms,movie,Acting,0,3129,2022-09-03 16:34:14,2022-09-03 16:34:14
Jennifer Beals,Angela,1995,8,Four Rooms,movie,Acting,1,3130,2022-09-03 16:34:14,2022-09-03 16:34:14
Antonio Banderas,Man,1995,8,Four Rooms,movie,Acting,2,3131,2022-09-03 16:34:14,2022-09-03 16:34:14
Valeria Golino,Athena,1995,8,Four Rooms,movie,Acting,3,3124,2022-09-03 16:34:14,2022-09-03 16:34:14
David Proval,Siegfried,1995,8,Four Rooms,movie,Acting,4,2555,2022-09-03 16:34:14,2022-09-03 16:34:14
Sammi Davis,Jezebel,1995,8,Four Rooms,movie,Acting,5,3122,2022-09-03 16:34:14,2022-09-03 16:34:14
Amanda de Cadenet,Diana,1995,8,Four Rooms,movie,Acting,6,3123,2022-09-03 16:34:14,2022-09-03 16:34:14
Madonna,Elspeth,1995,8,Four Rooms,movie,Acting,7,3125,2022-09-03 16:34:14,2022-09-03 16:34:14
Ione Skye,Eva,1995,8,Four Rooms,movie,Acting,8,3126,2022-09-03 16:34:14,2022-09-03 16:34:14
Lili Taylor,Raven,1995,8,Four Rooms,movie,Acting,9,3127,2022-09-03 16:34:14,2022-09-03 16:34:14
Alicia Witt,Kiva,1995,8,Four Rooms,movie,Acting,10,3128,2022-09-03 16:34:14,2022-09-03 16:34:14
Tamlyn Tomita,Wife,1995,8,Four Rooms,movie,Acting,11,3134,2022-09-03 16:34:14,2022-09-03 16:34:14
Lana McKissack,Sarah,1995,8,Four Rooms,movie,Acting,12,3132,2022-09-03 16:34:14,2022-09-03 16:34:14
Danny Verduzco,Juancho,1995,8,Four Rooms,movie,Acting,13,3135,2022-09-03 16:34:14,2022-09-03 16:34:14
Patricia Vonne,Corpse,1995,8,Four Rooms,movie,Acting,14,3133,2022-09-03 16:34:14,2022-09-03 16:34:14
Salma Hayek,TV Dancing Girl,1995,8,Four Rooms,movie,Acting,15,3136,2022-09-03 16:34:14,2022-09-03 16:34:14
Quentin Tarantino,Chester Rush,1995,8,Four Rooms,movie,Directing,16,138,2022-09-03 16:34:14,2022-09-03 16:34:14
Paul Calderon,Norman,1995,8,Four Rooms,movie,Acting,17,3137,2022-09-03 16:34:14,2022-09-03 16:34:14
Bruce Willis,Leo (uncredited),1995,8,Four Rooms,movie,Acting,18,62,2022-09-03 16:34:14,2022-09-03 16:34:14
Marisa Tomei,Margaret,1995,8,Four Rooms,movie,Acting,19,3141,2022-09-03 16:34:14,2022-09-03 16:34:14
Lawrence Bender,Long Hair Yuppy Scum,1995,8,Four Rooms,movie,Production,20,2545,2022-09-03 16:34:14,2022-09-03 16:34:14
Kathy Griffin,Betty,1995,8,Four Rooms,movie,Acting,21,3138,2022-09-03 16:34:14,2022-09-03 16:34:14
Kimberly Blair,Hooker,1995,8,Four Rooms,movie,Acting,22,37336,2022-09-03 16:34:14,2022-09-03 16:34:14
Marc Lawrence,Sam the Bellhop,1995,8,Four Rooms,movie,Acting,23,3140,2022-09-03 16:34:14,2022-09-03 16:34:14
Paul Skemp,Real Theodore,1995,8,Four Rooms,movie,Writing,24,1207062,2022-09-03 16:34:14,2022-09-03 16:34:14
Emilio Estevez,Frank Wyatt,1993,9,Judgment Night,movie,Acting,0,2880,2022-09-03 16:34:14,2022-09-03 16:34:14
Cuba Gooding Jr.,Mike Peterson,1993,9,Judgment Night,movie,Acting,1,9777,2022-09-03 16:34:14,2022-09-03 16:34:14
Denis Leary,Fallon,1993,9,Judgment Night,movie,Acting,2,5724,2022-09-03 16:34:14,2022-09-03 16:34:14
Stephen Dorff,John Wyatt,1993,9,Judgment Night,movie,Acting,3,10822,2022-09-03 16:34:14,2022-09-03 16:34:14
Jeremy Piven,Ray Cochran,1993,9,Judgment Night,movie,Acting,4,12799,2022-09-03 16:34:14,2022-09-03 16:34:14
Peter Greene,Sykes,1993,9,Judgment Night,movie,Acting,5,11803,2022-09-03 16:34:14,2022-09-03 16:34:14
Michael DeLorenzo,"Teddy, the Kid",1993,9,Judgment Night,movie,Acting,6,52422,2022-09-03 16:34:14,2022-09-03 16:34:14
Everlast,Rhodes,1993,9,Judgment Night,movie,Acting,7,121667,2022-09-03 16:34:14,2022-09-03 16:34:14
Michael Wiseman,Travis,1993,9,Judgment Night,movie,Acting,8,102710,2022-09-03 16:34:14,2022-09-03 16:34:14
Relioues Webb,Dre,1993,9,Judgment Night,movie,Acting,9,1077264,2022-09-03 16:34:14,2022-09-03 16:34:14
Eugene Williams,Buck,1993,9,Judgment Night,movie,Acting,10,154124,2022-09-03 16:34:14,2022-09-03 16:34:14
Christine Harnos,Linda Wyatt,1993,9,Judgment Night,movie,Acting,11,55964,2022-09-03 16:34:14,2022-09-03 16:34:14
Galyn Görg,Clarissa,1993,9,Judgment Night,movie,Acting,12,105988,2022-09-03 16:34:14,2022-09-03 16:34:14
Angela Alvarado,Rita,1993,9,Judgment Night,movie,Acting,13,22621,2022-09-03 16:34:14,2022-09-03 16:34:14
Will Zahrn,Charley,1993,9,Judgment Night,movie,Acting,14,1226696,2022-09-03 16:34:14,2022-09-03 16:34:14
Rita Lengyel,Alexandra,2004,11,Sonntag im August,movie,Acting,0,901,2022-09-03 16:34:15,2022-09-03 16:34:15
Milton Welsh,Er,2004,11,Sonntag im August,movie,Acting,1,902,2022-09-03 16:34:15,2022-09-03 16:34:15
Mark Hamill,Luke Skywalker,1977,12,Star Wars,movie,Acting,0,2,2022-09-03 16:34:15,2022-09-03 16:34:15
Harrison Ford,Han Solo,1977,12,Star Wars,movie,Acting,1,3,2022-09-03 16:34:15,2022-09-03 16:34:15
Carrie Fisher,Princess Leia Organa,1977,12,Star Wars,movie,Acting,2,4,2022-09-03 16:34:15,2022-09-03 16:34:15
Peter Cushing,Grand Moff Tarkin,1977,12,Star Wars,movie,Acting,3,5,2022-09-03 16:34:15,2022-09-03 16:34:15
Alec Guinness,"Obi-Wan ""Ben"" Kenobi",1977,12,Star Wars,movie,Acting,4,12248,2022-09-03 16:34:15,2022-09-03 16:34:15
Anthony Daniels,C-3PO,1977,12,Star Wars,movie,Acting,5,6,2022-09-03 16:34:15,2022-09-03 16:34:15
Kenny Baker,R2-D2,1977,12,Star Wars,movie,Acting,6,130,2022-09-03 16:34:15,2022-09-03 16:34:15
Peter Mayhew,Chewbacca,1977,12,Star Wars,movie,Acting,7,24343,2022-09-03 16:34:15,2022-09-03 16:34:15
David Prowse,Darth Vader (performer),1977,12,Star Wars,movie,Acting,8,24342,2022-09-03 16:34:15,2022-09-03 16:34:15
James Earl Jones,Darth Vader (voice),1977,12,Star Wars,movie,Acting,9,15152,2022-09-03 16:34:15,2022-09-03 16:34:15
Phil Brown,Uncle Owen,1977,12,Star Wars,movie,Acting,10,33032,2022-09-03 16:34:15,2022-09-03 16:34:15
Shelagh Fraser,Aunt Beru,1977,12,Star Wars,movie,Acting,11,131625,2022-09-03 16:34:15,2022-09-03 16:34:15
Jack Purvis,Chief Jawa,1977,12,Star Wars,movie,Acting,12,132538,2022-09-03 16:34:15,2022-09-03 16:34:15
Alex McCrindle,General Dodonna,1977,12,Star Wars,movie,Acting,13,216087,2022-09-03 16:34:15,2022-09-03 16:34:15
Eddie Byrne,General Willard,1977,12,Star Wars,movie,Acting,14,69249,2022-09-03 16:34:15,2022-09-03 16:34:15
Drewe Henley,Red Leader,1977,12,Star Wars,movie,Acting,15,47401,2022-09-03 16:34:15,2022-09-03 16:34:15
Denis Lawson,Red Two (Wedge Antilles),1977,12,Star Wars,movie,Acting,16,47698,2022-09-03 16:34:15,2022-09-03 16:34:15
Garrick Hagon,Red Three (Biggs Darklighter),1977,12,Star Wars,movie,Acting,17,17356,2022-09-03 16:34:15,2022-09-03 16:34:15
Jack Klaff,"Red Four (John ""D"")",1977,12,Star Wars,movie,Acting,18,162432,2022-09-03 16:34:15,2022-09-03 16:34:15
William Hootkins,Red Six (Porkins),1977,12,Star Wars,movie,Acting,19,663,2022-09-03 16:34:15,2022-09-03 16:34:15
Angus MacInnes,Gold Leader,1977,12,Star Wars,movie,Acting,20,58475,2022-09-03 16:34:15,2022-09-03 16:34:15
Jeremy Sinden,Gold Two,1977,12,Star Wars,movie,Acting,21,151819,2022-09-03 16:34:15,2022-09-03 16:34:15
Graham Ashley,Gold Five,1977,12,Star Wars,movie,Acting,22,202276,2022-09-03 16:34:15,2022-09-03 16:34:15
Don Henderson,General Taggi,1977,12,Star Wars,movie,Acting,23,42570,2022-09-03 16:34:15,2022-09-03 16:34:15
Richard LeParmentier,General Motti,1977,12,Star Wars,movie,Acting,24,12829,2022-09-03 16:34:15,2022-09-03 16:34:15
Leslie Schofield,Commander #1,1977,12,Star Wars,movie,Acting,25,79489,2022-09-03 16:34:15,2022-09-03 16:34:15
Michael Leader,Stormtrooper,1977,12,Star Wars,movie,Acting,26,1729623,2022-09-03 16:34:15,2022-09-03 16:34:15
David Ankrum,"Red Two, Wedge Antilles (voice) (uncredited)",1977,12,Star Wars,movie,Acting,27,1216947,2022-09-03 16:34:15,2022-09-03 16:34:15
Scott Beach,Stormtrooper (voice) (uncredited),1977,12,Star Wars,movie,Acting,28,3044,2022-09-03 16:34:15,2022-09-03 16:34:15
Lightning Bear,Stormtrooper (uncredited),1977,12,Star Wars,movie,Crew,29,1271059,2022-09-03 16:34:15,2022-09-03 16:34:15
Jon Berg,Cantina Alien (uncredited),1977,12,Star Wars,movie,Acting,30,1271060,2022-09-03 16:34:15,2022-09-03 16:34:15
Doug Beswick,Cantina Alien (uncredited),1977,12,Star Wars,movie,Visual Effects,31,1271061,2022-09-03 16:34:15,2022-09-03 16:34:15
Paul Blake,Greedo (uncredited),1977,12,Star Wars,movie,Acting,32,199356,2022-09-03 16:34:15,2022-09-03 16:34:15
Janice Burchette,Nabrun Leids (uncredited),1977,12,Star Wars,movie,Acting,33,1271062,2022-09-03 16:34:15,2022-09-03 16:34:15
Ted Burnett,Wuher (uncredited),1977,12,Star Wars,movie,Acting,34,1271063,2022-09-03 16:34:15,2022-09-03 16:34:15
John Chapman,Drifter (Red 12) (uncredited),1977,12,Star Wars,movie,Acting,35,1271064,2022-09-03 16:34:15,2022-09-03 16:34:15
Gilda Cohen,Cantina Patron (uncredited),1977,12,Star Wars,movie,Acting,36,1271065,2022-09-03 16:34:15,2022-09-03 16:34:15
Tim Condren,Stormtrooper (uncredited),1977,12,Star Wars,movie,Acting,37,1178140,2022-09-03 16:34:15,2022-09-03 16:34:15
Barry Copping,Wioslea (uncredited),1977,12,Star Wars,movie,Acting,38,186229,2022-09-03 16:34:15,2022-09-03 16:34:15
Alfie Curtis,Dr. Evazan (uncredited),1977,12,Star Wars,movie,Acting,39,1271066,2022-09-03 16:34:15,2022-09-03 16:34:15
Robert Davies,Cantina Patron (uncredited),1977,12,Star Wars,movie,Acting,40,1271067,2022-09-03 16:34:15,2022-09-03 16:34:15
Maria De Aragon,Greedo (uncredited),1977,12,Star Wars,movie,Acting,41,104149,2022-09-03 16:34:15,2022-09-03 16:34:15
Robert A. Denham,Hrchek Kal Fas (uncredited),1977,12,Star Wars,movie,Acting,42,1271068,2022-09-03 16:34:15,2022-09-03 16:34:15
Frazer Diamond,Jawa (uncredited),1977,12,Star Wars,movie,Acting,43,1271069,2022-09-03 16:34:15,2022-09-03 16:34:15
Peter Diamond,Stormtrooper / Tusken Raider / Death Star Trooper / Garouf Lafoe (uncredited),1977,12,Star Wars,movie,Acting,44,53587,2022-09-03 16:34:15,2022-09-03 16:34:15
Warwick Diamond,Jawa (uncredited),1977,12,Star Wars,movie,Acting,45,1271070,2022-09-03 16:34:15,2022-09-03 16:34:15
Sadie Eden,Garindan (uncredited),1977,12,Star Wars,movie,Acting,46,1271071,2022-09-03 16:34:15,2022-09-03 16:34:15
Kim Falkinburg,Djas Puhr (uncredited),1977,12,Star Wars,movie,Acting,47,1271072,2022-09-03 16:34:15,2022-09-03 16:34:15
Harry Fielder,Death Star Trooper (uncredited),1977,12,Star Wars,movie,Acting,48,202402,2022-09-03 16:34:15,2022-09-03 16:34:15
Ted Gagliano,Stormtrooper with Binoculars (uncredited),1977,12,Star Wars,movie,Acting,49,1271073,2022-09-03 16:34:15,2022-09-03 16:34:15
Salo Gardner,Cantina Patron (uncredited),1977,12,Star Wars,movie,Acting,50,1271074,2022-09-03 16:34:15,2022-09-03 16:34:15
Steve Gawley,Death Star Trooper (uncredited),1977,12,Star Wars,movie,Acting,51,1195602,2022-09-03 16:34:15,2022-09-03 16:34:15
Barry Gnome,Kabe (uncredited),1977,12,Star Wars,movie,Acting,52,1271075,2022-09-03 16:34:15,2022-09-03 16:34:15
Rusty Goffe,Kabe / Jawa / GONK Droid (uncredited),1977,12,Star Wars,movie,Acting,53,252527,2022-09-03 16:34:15,2022-09-03 16:34:15
Isaac Grand,Cantina Patron (uncredited),1977,12,Star Wars,movie,Acting,54,1271076,2022-09-03 16:34:15,2022-09-03 16:34:15
Reg Harding,Stormtrooper (uncredited),1977,12,Star Wars,movie,Acting,55,1271078,2022-09-03 16:34:15,2022-09-03 16:34:15
Alan Harris,Leia's Rebel Escort (uncredited),1977,12,Star Wars,movie,Crew,56,964699,2022-09-03 16:34:15,2022-09-03 16:34:15
Frank Henson,Stormtrooper (uncredited),1977,12,Star Wars,movie,Acting,57,1271079,2022-09-03 16:34:15,2022-09-03 16:34:15
Christine Hewett,Brea Tonnika (uncredited),1977,12,Star Wars,movie,Acting,58,1271080,2022-09-03 16:34:15,2022-09-03 16:34:15
Arthur Howell,Stormtrooper (uncredited),1977,12,Star Wars,movie,Acting,59,1271081,2022-09-03 16:34:15,2022-09-03 16:34:15
Tommy Ilsley,Ponda Baba (uncredited),1977,12,Star Wars,movie,Acting,60,1271082,2022-09-03 16:34:15,2022-09-03 16:34:15
Joe Johnston,Death Star Trooper (uncredited),1977,12,Star Wars,movie,Directing,61,4945,2022-09-03 16:34:15,2022-09-03 16:34:15
Annette Jones,Mosep (uncredited),1977,12,Star Wars,movie,Acting,62,1271083,2022-09-03 16:34:15,2022-09-03 16:34:15
Linda Jones,Chall Bekan (uncredited),1977,12,Star Wars,movie,Acting,63,1148750,2022-09-03 16:34:15,2022-09-03 16:34:15
Joe Kaye,Solomohal (uncredited),1977,12,Star Wars,movie,Acting,64,201344,2022-09-03 16:34:15,2022-09-03 16:34:15
Colin Michael Kitchens,Stormtrooper (voice) (uncredited),1977,12,Star Wars,movie,Production,65,1271085,2022-09-03 16:34:15,2022-09-03 16:34:15
Melissa Kurtz,Jawa (uncredited),1977,12,Star Wars,movie,Acting,66,1271086,2022-09-03 16:34:15,2022-09-03 16:34:15
Tiffany Hillkurtz,Jawa (uncredited),1977,12,Star Wars,movie,Editing,67,1190780,2022-09-03 16:34:15,2022-09-03 16:34:15
Al Lampert,Daine Jir (uncredited),1977,12,Star Wars,movie,Acting,68,190453,2022-09-03 16:34:15,2022-09-03 16:34:15
Anthony Lang,BoShek (uncredited),1977,12,Star Wars,movie,Acting,69,1012562,2022-09-03 16:34:15,2022-09-03 16:34:15
Laine Liska,Muftak / Cantina Band Member (uncredited),1977,12,Star Wars,movie,Acting,70,1271091,2022-09-03 16:34:15,2022-09-03 16:34:15
Derek Lyons,Temple Guard / Medal Bearer (uncredited),1977,12,Star Wars,movie,Acting,71,1271092,2022-09-03 16:34:15,2022-09-03 16:34:15
Mahjoub,Jawa (uncredited),1977,12,Star Wars,movie,Acting,72,1271095,2022-09-03 16:34:15,2022-09-03 16:34:15
Alf Mangan,Takeel (uncredited),1977,12,Star Wars,movie,Acting,73,1271096,2022-09-03 16:34:15,2022-09-03 16:34:15
Grant McCune,Death Star Gunner (uncredited),1977,12,Star Wars,movie,Acting,74,1271102,2022-09-03 16:34:15,2022-09-03 16:34:15
Geoffrey Moon,Cantina Patron (uncredited),1977,12,Star Wars,movie,Acting,75,1271104,2022-09-03 16:34:15,2022-09-03 16:34:15
Mandy Morton,Swilla Corey (uncredited),1977,12,Star Wars,movie,Acting,76,1271106,2022-09-03 16:34:15,2022-09-03 16:34:15
Lorne Peterson,Massassi Base Rebel Scout (uncredited),1977,12,Star Wars,movie,Acting,77,1271107,2022-09-03 16:34:15,2022-09-03 16:34:15
Marcus Powell,Rycar Ryjerd (uncredited),1977,12,Star Wars,movie,Acting,78,1183443,2022-09-03 16:34:15,2022-09-03 16:34:15
Shane Rimmer,InCom Engineer (uncredited),1977,12,Star Wars,movie,Acting,79,10657,2022-09-03 16:34:15,2022-09-03 16:34:15
Pam Rose,Leesub Sirln (uncredited),1977,12,Star Wars,movie,Acting,80,1271116,2022-09-03 16:34:15,2022-09-03 16:34:15
George Roubicek,Cmdr. Praji (Imperial Officer #2 on rebel ship) (uncredited),1977,12,Star Wars,movie,Acting,81,110319,2022-09-03 16:34:15,2022-09-03 16:34:15
Erica Simmons,Tawss Khaa (uncredited),1977,12,Star Wars,movie,Acting,82,1271121,2022-09-03 16:34:15,2022-09-03 16:34:15
Angela Staines,Senni Tonnika (uncredited),1977,12,Star Wars,movie,Acting,83,1271122,2022-09-03 16:34:15,2022-09-03 16:34:15
George Stock,Cantina Patron (uncredited),1977,12,Star Wars,movie,Acting,84,1271123,2022-09-03 16:34:15,2022-09-03 16:34:15
Roy Straite,Cantina Patron (uncredited),1977,12,Star Wars,movie,Acting,85,1271124,2022-09-03 16:34:15,2022-09-03 16:34:15
Peter Sturgeon,Sai'torr Kal Fas (uncredited),1977,12,Star Wars,movie,Acting,86,1271125,2022-09-03 16:34:15,2022-09-03 16:34:15
Peter Sumner,Lt. Pol Treidum (uncredited),1977,12,Star Wars,movie,Acting,87,187398,2022-09-03 16:34:15,2022-09-03 16:34:15
John Sylla,Cantina Voices (voice) (uncredited),1977,12,Star Wars,movie,Acting,88,1271126,2022-09-03 16:34:15,2022-09-03 16:34:15
Tom Sylla,Massassi Outpost Announcer / Various Voices (voice) (uncredited),1977,12,Star Wars,movie,Directing,89,390158,2022-09-03 16:34:15,2022-09-03 16:34:15
Malcolm Tierney,Lt. Shann Childsen (uncredited),1977,12,Star Wars,movie,Acting,90,166258,2022-09-03 16:34:15,2022-09-03 16:34:15
Phil Tippett,Cantina Alien (uncredited),1977,12,Star Wars,movie,Visual Effects,91,7727,2022-09-03 16:34:15,2022-09-03 16:34:15
Burnell Tucker,Del Goren (uncredited),1977,12,Star Wars,movie,Acting,92,184980,2022-09-03 16:34:15,2022-09-03 16:34:15
Morgan Upton,Stormtrooper (voice) (uncredited),1977,12,Star Wars,movie,Acting,93,160947,2022-09-03 16:34:15,2022-09-03 16:34:15
Jerry Walter,Stormtrooper (voice) (uncredited),1977,12,Star Wars,movie,Acting,94,161301,2022-09-03 16:34:15,2022-09-03 16:34:15
Hal Wamsley,Jawa (uncredited),1977,12,Star Wars,movie,Acting,95,1271127,2022-09-03 16:34:15,2022-09-03 16:34:15
Larry Ward,Greedo (voice) (uncredited),1977,12,Star Wars,movie,Acting,96,159108,2022-09-03 16:34:15,2022-09-03 16:34:15
Diana Sadley Way,Thuku (uncredited),1977,12,Star Wars,movie,Acting,97,1271128,2022-09-03 16:34:15,2022-09-03 16:34:15
Bill Weston,Stormtrooper (uncredited),1977,12,Star Wars,movie,Acting,98,24278,2022-09-03 16:34:15,2022-09-03 16:34:15
Fred Wood,Cantina Patron (uncredited),1977,12,Star Wars,movie,Acting,99,1271131,2022-09-03 16:34:15,2022-09-03 16:34:15
Colin Higgins,"Rebel Pilot, Col. Takbright (uncredited)",1977,12,Star Wars,movie,Acting,100,301657,2022-09-03 16:34:15,2022-09-03 16:34:15
Ron Tarr,Jabba's Henchman (uncredited),1977,12,Star Wars,movie,Acting,101,1490615,2022-09-03 16:34:15,2022-09-03 16:34:15
Anthony Forrest,Sandtrooper / Fixer (uncredited),1977,12,Star Wars,movie,Acting,102,227857,2022-09-03 16:34:15,2022-09-03 16:34:15
Frances Alfred Basil Tomlin,BoShek (uncredited),1977,12,Star Wars,movie,Acting,103,2646226,2022-09-03 16:34:15,2022-09-03 16:34:15
Ronny Cush,X-Wing Pilot,1977,12,Star Wars,movie,Acting,104,2724038,2022-09-03 16:34:15,2022-09-03 16:34:15
Albert Brooks,Marlin (voice),2003,13,Finding Nemo,movie,Acting,0,13,2022-09-03 16:34:15,2022-09-03 16:34:15
Ellen DeGeneres,Dory (voice),2003,13,Finding Nemo,movie,Acting,1,14,2022-09-03 16:34:15,2022-09-03 16:34:15
Alexander Gould,Nemo (voice),2003,13,Finding Nemo,movie,Acting,2,12,2022-09-03 16:34:15,2022-09-03 16:34:15
Willem Dafoe,Gill (voice),2003,13,Finding Nemo,movie,Acting,3,5293,2022-09-03 16:34:15,2022-09-03 16:34:15
Brad Garrett,Bloat (voice),2003,13,Finding Nemo,movie,Acting,4,18,2022-09-03 16:34:15,2022-09-03 16:34:15
Allison Janney,Peach (voice),2003,13,Finding Nemo,movie,Acting,5,19,2022-09-03 16:34:15,2022-09-03 16:34:15
Austin Pendleton,Gurgle (voice),2003,13,Finding Nemo,movie,Acting,6,6168,2022-09-03 16:34:15,2022-09-03 16:34:15
Stephen Root,Bubbles (voice),2003,13,Finding Nemo,movie,Acting,7,17401,2022-09-03 16:34:15,2022-09-03 16:34:15
Vicki Lewis,Deb / Flo (voice),2003,13,Finding Nemo,movie,Acting,8,14723,2022-09-03 16:34:15,2022-09-03 16:34:15
Joe Ranft,Jacques (voice),2003,13,Finding Nemo,movie,Writing,9,7911,2022-09-03 16:34:15,2022-09-03 16:34:15
Geoffrey Rush,Nigel (voice),2003,13,Finding Nemo,movie,Acting,10,118,2022-09-03 16:34:15,2022-09-03 16:34:15
Andrew Stanton,Crush (voice),2003,13,Finding Nemo,movie,Writing,11,7,2022-09-03 16:34:15,2022-09-03 16:34:15
Elizabeth Perkins,Coral (voice),2003,13,Finding Nemo,movie,Acting,12,20,2022-09-03 16:34:15,2022-09-03 16:34:15
Nicholas Bird,Squirt (voice),2003,13,Finding Nemo,movie,Acting,13,981048,2022-09-03 16:34:15,2022-09-03 16:34:15
Bob Peterson,Mr. Ray (voice),2003,13,Finding Nemo,movie,Acting,14,10,2022-09-03 16:34:15,2022-09-03 16:34:15
Barry Humphries,Bruce (voice),2003,13,Finding Nemo,movie,Acting,15,22,2022-09-03 16:34:15,2022-09-03 16:34:15
Eric Bana,Anchor (voice),2003,13,Finding Nemo,movie,Acting,16,8783,2022-09-03 16:34:15,2022-09-03 16:34:15
Bruce Spence,Chum (voice),2003,13,Finding Nemo,movie,Acting,17,27752,2022-09-03 16:34:15,2022-09-03 16:34:15
Bill Hunter,Dentist (voice),2003,13,Finding Nemo,movie,Acting,18,23,2022-09-03 16:34:15,2022-09-03 16:34:15
LuLu Ebeling,Darla (voice),2003,13,Finding Nemo,movie,Acting,19,981049,2022-09-03 16:34:15,2022-09-03 16:34:15
Jordan Ranft,Tad (voice),2003,13,Finding Nemo,movie,Acting,20,1211731,2022-09-03 16:34:15,2022-09-03 16:34:15
Erica Beck,Pearl (voice),2003,13,Finding Nemo,movie,Acting,21,1372790,2022-09-03 16:34:15,2022-09-03 16:34:15
Erik Per Sullivan,Sheldon (voice),2003,13,Finding Nemo,movie,Acting,22,17190,2022-09-03 16:34:15,2022-09-03 16:34:15
John Ratzenberger,Fish School (voice),2003,13,Finding Nemo,movie,Acting,23,7907,2022-09-03 16:34:15,2022-09-03 16:34:15
Carlos Alazraqui,Additional Voices  (voice),2003,13,Finding Nemo,movie,Acting,24,59784,2022-09-03 16:34:15,2022-09-03 16:34:15
Alec Medlock,Additional Voices  (voice),2003,13,Finding Nemo,movie,Acting,25,91776,2022-09-03 16:34:15,2022-09-03 16:34:15
Bob Bergen,Additional Voices  (voice),2003,13,Finding Nemo,movie,Acting,26,78317,2022-09-03 16:34:15,2022-09-03 16:34:15
Nicole Miller,Additional Voices  (voice),2003,13,Finding Nemo,movie,Acting,27,1440346,2022-09-03 16:34:15,2022-09-03 16:34:15
Geoff Brooks,Additional Voices  (voice),2003,13,Finding Nemo,movie,Acting,28,28746,2022-09-03 16:34:15,2022-09-03 16:34:15
Lisa Peers,Additional Voices  (voice),2003,13,Finding Nemo,movie,Acting,29,1356958,2022-09-03 16:34:15,2022-09-03 16:34:15
Paul Eiding,Additional Voice  (voice),2003,13,Finding Nemo,movie,Acting,30,86006,2022-09-03 16:34:15,2022-09-03 16:34:15
Phil Proctor,Additional Voices  (voice),2003,13,Finding Nemo,movie,Acting,31,61969,2022-09-03 16:34:15,2022-09-03 16:34:15
Leland Grossman,Additional Voices  (voice),2003,13,Finding Nemo,movie,Acting,32,3398277,2022-09-03 16:34:15,2022-09-03 16:34:15
Daryl Sabara,Additional Voices  (voice),2003,13,Finding Nemo,movie,Acting,33,57675,2022-09-03 16:34:15,2022-09-03 16:34:15
Lili Ishida,Additional Voices,2003,13,Finding Nemo,movie,Acting,34,3147350,2022-09-03 16:34:15,2022-09-03 16:34:15
Emmett Shoemaker,Additional Voices (voice),2003,13,Finding Nemo,movie,Acting,35,1224858,2022-09-03 16:34:15,2022-09-03 16:34:15
Oliver Kindred,Additional Voices  (voice),2003,13,Finding Nemo,movie,Acting,36,75322,2022-09-03 16:34:15,2022-09-03 16:34:15
Ben Stanton,Additional Voices  (voice),2003,13,Finding Nemo,movie,Acting,37,3398279,2022-09-03 16:34:15,2022-09-03 16:34:15
Danny Mann,Additional Voices  (voice),2003,13,Finding Nemo,movie,Acting,38,52699,2022-09-03 16:34:15,2022-09-03 16:34:15
Kali Whitehurst,Additional Voices  (voice),2003,13,Finding Nemo,movie,Acting,39,3149499,2022-09-03 16:34:15,2022-09-03 16:34:15
Rove McManus,Additional Voices  (voice),2003,13,Finding Nemo,movie,Acting,40,136272,2022-09-03 16:34:15,2022-09-03 16:34:15
James S. Baker,Additional Voices  (voice),2003,13,Finding Nemo,movie,Art,41,1992727,2022-09-03 16:34:15,2022-09-03 16:34:15
Vanessa Marano,Additional Voices  (voice),2003,13,Finding Nemo,movie,Acting,42,120617,2022-09-03 16:34:15,2022-09-03 16:34:15
Susan Blu,Additional Voices  (voice),2003,13,Finding Nemo,movie,Acting,43,19548,2022-09-03 16:34:15,2022-09-03 16:34:15
Annelise Nolting,Additional Voices  (voice),2003,13,Finding Nemo,movie,Acting,44,3398280,2022-09-03 16:34:15,2022-09-03 16:34:15
Jeff Pidgeon,Additional Voices  (voice),2003,13,Finding Nemo,movie,Writing,45,7882,2022-09-03 16:34:15,2022-09-03 16:34:15
Jennifer Darling,Additional Voices  (voice),2003,13,Finding Nemo,movie,Acting,46,81843,2022-09-03 16:34:15,2022-09-03 16:34:15
Aaron Fors,Additional Voices  (voice),2003,13,Finding Nemo,movie,Acting,47,53209,2022-09-03 16:34:15,2022-09-03 16:34:15
Katherine Ringgold,Additional Voices  (voice),2003,13,Finding Nemo,movie,Editing,48,8066,2022-09-03 16:34:15,2022-09-03 16:34:15
Jess Harnell,Additional Voices  (voice),2003,13,Finding Nemo,movie,Acting,49,84495,2022-09-03 16:34:15,2022-09-03 16:34:15
David Ian Salter,Additional Voices  (voice),2003,13,Finding Nemo,movie,Editing,50,12914,2022-09-03 16:34:15,2022-09-03 16:34:15
Caroline Kindred,Additional Voices  (voice),2003,13,Finding Nemo,movie,Acting,51,3398285,2022-09-03 16:34:15,2022-09-03 16:34:15
Sherry Lynn,Additional Voices  (voice),2003,13,Finding Nemo,movie,Acting,52,214701,2022-09-03 16:34:15,2022-09-03 16:34:15
Jim Ward,Additional Voices  (voice),2003,13,Finding Nemo,movie,Acting,53,86007,2022-09-03 16:34:15,2022-09-03 16:34:15
Mickie McGowan,Additional Voices  (voice),2003,13,Finding Nemo,movie,Acting,54,84493,2022-09-03 16:34:15,2022-09-03 16:34:15
Jack Angel,Additional Voices  (voice),2003,13,Finding Nemo,movie,Acting,55,19545,2022-09-03 16:34:15,2022-09-03 16:34:15
Laura Marano,Additional Voices  (voice),2003,13,Finding Nemo,movie,Acting,56,54722,2022-09-03 16:34:15,2022-09-03 16:34:15
Bobby Block,Additional Voices  (voice),2003,13,Finding Nemo,movie,Acting,57,12078,2022-09-03 16:34:15,2022-09-03 16:34:15
Laraine Newman,Additional Voices  (voice),2003,13,Finding Nemo,movie,Acting,58,35159,2022-09-03 16:34:15,2022-09-03 16:34:15
Jane Carr,Additional Voices  (voice),2003,13,Finding Nemo,movie,Acting,59,42000,2022-09-03 16:34:15,2022-09-03 16:34:15
Jessie Flower,Additional Voices  (voice),2003,13,Finding Nemo,movie,Acting,60,61304,2022-09-03 16:34:15,2022-09-03 16:34:15
Jan Rabson,Additional Voices  (voice),2003,13,Finding Nemo,movie,Acting,61,157626,2022-09-03 16:34:15,2022-09-03 16:34:15
Bradley Trevor Greive,Additional Voices  (voice),2003,13,Finding Nemo,movie,Acting,62,2150365,2022-09-03 16:34:15,2022-09-03 16:34:15
Evan Sabara,Additional Voices  (voice),2003,13,Finding Nemo,movie,Acting,63,38407,2022-09-03 16:34:15,2022-09-03 16:34:15
Marc John Jefferies,Additional Voices  (voice),2003,13,Finding Nemo,movie,Acting,64,62646,2022-09-03 16:34:15,2022-09-03 16:34:15
Eliza Schneider,Additional Voices  (voice),2003,13,Finding Nemo,movie,Acting,65,181464,2022-09-03 16:34:15,2022-09-03 16:34:15
Lee Unkrich,Additional Voices  (voice),2003,13,Finding Nemo,movie,Directing,66,8,2022-09-03 16:34:15,2022-09-03 16:34:15
Noah Luke,Additional Voices  (voice),2003,13,Finding Nemo,movie,Camera,67,1231571,2022-09-03 16:34:15,2022-09-03 16:34:15
