language_code,title,movie_tv_id,media_type,source,source_url,created_at,type,updated_at
en,Harri Marstio - Älä Kiiruhda [HQ],7,movie,YouTube,https://www.youtube.com/watch?v=bOYvq-Sj4Ls,2022-09-03 17:01:12,Clip,2022-09-03 17:01:12
en,Four Rooms - Trailer,8,movie,YouTube,https://www.youtube.com/watch?v=S_Pd2pGkq54,2022-09-03 17:01:12,Trailer,2022-09-03 17:01:12
en,Judgment Night Trailer 1993,9,movie,YouTube,https://www.youtube.com/watch?v=G5p7wq2PcJM,2022-09-03 17:01:12,Trailer,2022-09-03 17:01:12
en,LIFE IN LOOPS (A MEGACITIES FILM REMIX) TRAILER/sofa surfers,10,movie,YouTube,https://www.youtube.com/watch?v=id826_ILHdE,2022-09-03 17:01:12,Trailer,2022-09-03 17:01:12
en,Star Wars: A New Hope | All the Facts | Disney+ Deets,12,movie,YouTube,https://www.youtube.com/watch?v=SCBJJG_Ncl0,2022-09-03 17:01:12,Featurette,2022-09-03 17:01:12
en,Teaser Trailer,12,movie,YouTube,https://www.youtube.com/watch?v=i-vsILeJ8_8,2022-09-03 17:01:12,Trailer,2022-09-03 17:01:12
en,Trailer,12,movie,YouTube,https://www.youtube.com/watch?v=vZ734NWnAHA,2022-09-03 17:01:12,Trailer,2022-09-03 17:01:12
en,Finding Nemo (2003) Trailer 2,13,movie,YouTube,https://www.youtube.com/watch?v=ZS_8btMjx2U,2022-09-03 17:01:13,Trailer,2022-09-03 17:01:13
en,Finding Nemo (2003) Trailer 3,13,movie,YouTube,https://www.youtube.com/watch?v=TOQsDiEc7nk,2022-09-03 17:01:13,Trailer,2022-09-03 17:01:13
en,Finding Nemo (2003) Teaser,13,movie,YouTube,https://www.youtube.com/watch?v=-aAHfOQ7Rbo,2022-09-03 17:01:13,Teaser,2022-09-03 17:01:13
en,Finding Nemo (2003) Trailer 1,13,movie,YouTube,https://www.youtube.com/watch?v=WpOXa4uqqfA,2022-09-03 17:01:13,Trailer,2022-09-03 17:01:13
en,Finding Nemo 3D Trailer,13,movie,YouTube,https://www.youtube.com/watch?v=SPHfeNgogVs,2022-09-03 17:01:13,Trailer,2022-09-03 17:01:13
